7457.351867195351,7160.737781881682,6258.739196918921,6692.193244732912,6388.247289316814,6925.094043685907,7022.331438180938,7433.77496855129,7130.374577892885,5840.23591100422,6219.8989531157995,6234.438644705915,6655.288238989369,6737.148266201493,7586.592597518425,6786.377796862453,5840.576415955969,6329.280054700757
8482.23411895222,8021.431982105861,7000.02176115036,7647.683416429293,8153.407800794877,7580.762926555233,7178.53073699655,8238.526622325518,7744.862540280343,6810.297417172006,7585.903229679261,7962.1826518442995,7797.8121464470905,7558.147889079699,8600.430767395483,8139.5926658421995,7236.832297117014,7747.607527913699
8118.985539459272,7886.707131667292,8291.813864525668,7476.887241275093,7582.2892690676845,8577.097392217598,8308.362021526897,7643.626961839362,7658.797179284551,7933.9489075576685,7087.530957922847,7155.2667505407935,7936.6839034573495,7886.570321874132,7816.918061574952,7596.09077416842,7857.971345975584,7421.977217411496
7055.841371180914,4994.2569930999125,5224.554038318322,5301.888444089511,8127.02727633589,5234.195436768603,4721.691493122193,6238.191313985354,5277.601603624838,4987.985150011794,4681.5276442949735,7542.5139631164875,5239.052336191773,4716.722501160219,6295.921097287088,5329.219322830542,5027.522297846089,4564.288955602789
5808.7462635197335,5821.913587064652,5743.933464323289,6399.78792184148,6466.879433076367,6292.083842119238,5888.154841704836,6115.293038434866,6180.023221846837,6191.449191378433,6665.544443719042,6760.464961055866,6632.396468834469,6346.881891250776,6646.885553188116,6797.557039133463,6688.86750296012,6988.896236715558
3852.43413321348,4440.36213140793,5374.092637772177,4650.783312722306,6244.00564445517,5332.912572305751,3608.0249218419785,4428.848556170891,4808.864260307868,5146.849536474893,5077.679871642961,5984.160349283241,5641.401224917778,4447.092380565575,4802.440496799759,4996.132564259165,5568.21961468867,5206.04475832862
6710.9161355412925,6577.421551028718,6893.271699353601,7358.006506235137,7426.417370954152,7051.262731711742,6824.961944583625,7179.069356299777,7264.245257180091,7279.263563867462,7793.905456769698,7975.0719462164425,7688.699950607901,7669.388948063154,7982.783922050177,7911.5586794595265,7916.675277647609,8140.412908724627
6403.157500381878,5859.717266392656,4928.002022940969,5451.003411463875,4849.987540878094,6636.6997110905095,5519.931024812361,5589.509651422965,5583.775479523167,4791.909286353331,5073.404430442568,5054.169803016667,6474.155901509199,4801.585151119726,5297.9601972158325,5031.982214209691,4250.285031345984,4712.883093359247
6316.721336080247,6259.121676305439,6443.007547913623,7140.33959315029,7069.426019894703,7024.928708646582,6606.274576934176,6674.26038075979,6829.377764148967,6448.90160388705,7147.623650635214,7205.409647898111,6964.525258595793,6901.449323966141,7146.045930927104,7224.342966862405,7083.2517626325625,7516.639792617965
6858.627150919405,7239.361362988464,7138.919418202547,6891.741103603637,7090.116332003447,6847.228117341798,6394.37942519589,7187.882055855947,8068.482425004526,7349.642367361451,7560.079182194559,7938.121993895943,7248.33415063413,7139.0198946280325,7793.056472246404,8218.911938567462,7740.011730511904,7992.6335106592305
15777.85755978736,13900.56836415951,13449.141926979144,15022.878691369462,13677.837490093449,14920.865379719036,13587.43966857969,14524.947803482639,13857.701553724224,12859.305589203614,13836.848884491505,13825.294795330903,13989.404988990864,12215.836117711675,13553.53367730778,13092.696829363456,12111.370277176138,13048.056133658223
18880.24123517861,18885.426577850543,18015.05413950797,18063.72884460474,17197.196935631466,17556.404016244433,17283.672768874407,18953.31728818844,19848.249501242783,18316.146887224837,18457.110062677395,18649.212830206903,18329.645649242342,17695.558813792217,19137.80019902,19729.886898457997,18151.66249868911,18970.06385552247
6471.881043565555,9604.96101244965,7061.401422767501,8991.296252755936,8571.770792464999,6533.937779952008,8509.736938952392,6201.689338700286,8142.504646150384,6278.70542573314,7189.521652602996,7081.762874455208,7502.275587439491,8498.463347906927,6499.809419948388,9237.275114123504,7198.591414129025,7300.6399901427585
7039.012589403697,7891.021829348564,7012.799799654272,6998.504462277445,7921.829091405829,7245.961548921667,6330.026698351716,7147.517726013165,7519.171833994922,6427.379229544548,7513.94660643888,8541.613579594788,7271.512324115511,7542.671762126392,7833.785244770154,7744.404813028159,7067.858292597544,7637.257972651861
5063.4224320788835,5644.79773956801,5503.753032883412,5952.51286882704,5881.493827106553,5639.042942280914,4611.112770608797,5461.813140291615,5987.187296769731,5566.503405462504,6255.746914308453,6054.8516999182275,5781.654338151641,5552.099486746581,6051.687900653187,6337.166618987199,6156.847718843215,6423.983654691962
5203.7368980543215,4944.961444697178,5795.658042820589,5450.100390512523,4878.926525571282,5217.649508370268,5186.671547179883,5225.7696916638015,5534.359142390607,5978.18858337132,5400.869741759596,5283.9944231799755,5367.862692810304,5409.131397391056,5615.699164522926,5701.1379748475565,6077.308100148936,5588.301848702933
5746.432896226459,4185.9354775704,5651.978527531795,5197.903362641022,5577.557716488716,5212.278640490391,5153.776363358132,5859.222525349596,4549.628879539082,5694.122118320625,5308.838909577812,5760.146598567264,5161.756534434253,5628.713247413912,6393.202484599466,5009.109054434615,5715.5529126931,5285.794010985654
11121.802774340409,9307.306727382516,8664.358276415445,9852.425787832804,9432.175737450416,9560.93632036158,10381.783551820246,10617.322445297455,9687.819955382583,9364.996431201387,9557.49653079996,10001.143417589963,9793.281700511132,9851.417925101174,10464.738555421312,9881.047034235555,9116.473706218181,9724.754528973035
8993.206892379321,7473.42306679701,7953.469363631924,7960.950966277271,8027.768017006,7954.458456225165,6834.0450689255285,8645.000117412368,7814.016675923898,7831.128792055614,8097.781668104306,8505.614037111043,8235.033007111793,7398.031479185296,9186.228585223986,8146.436276050994,8012.022373519518,8172.200972690752
6211.039006300875,4705.934847162855,4588.193243039739,4998.873810831645,4805.723160847259,5168.033592934011,4395.873479042091,6181.1914698451665,5115.310367802718,4605.696178937751,5017.513765907339,5266.30117058983,5111.685795938186,4656.079529920477,6612.089206982815,5550.757827695785,5053.833772732278,5407.85952712177
10465.774181209968,11150.664281733756,10810.990365477996,11121.850192872953,10265.74188621487,11047.29611543718,10552.570612684705,10507.109978027645,11367.294180323495,10764.747546905877,10857.252899354971,10704.82746342109,11419.991391033107,10980.476396554996,10795.827965555633,11608.057792055932,11152.103480743646,11212.380522826443
12732.517845983863,12706.398013936989,11556.847634304684,11998.443814643106,11786.634903090759,11362.322922508672,10299.455817246559,11826.694219212262,12054.580294748259,10972.852026074208,10815.889616831751,11352.560374919096,10750.596378377948,9459.315847248836,10475.876227075838,10815.893744004481,9784.737912893583,9549.580391763877
10932.467635381865,11724.95022459302,11902.181562467515,11111.995570645544,11346.258884843779,11686.765049271946,11249.503758765717,11405.834493446604,12311.19490844883,11603.991531790954,11044.62428958115,11322.651932428358,10990.014137398772,10953.54560697821,11299.607204700122,11813.585730026149,11830.788721710771,11365.199797203933
10202.609831158934,10188.394124571896,9646.596965863286,10383.392073603776,9957.890695874601,9191.502694217468,8974.743488270593,9896.563986519479,9797.433919551855,8582.722217057993,9421.279758895489,9409.8544953503,8371.396450858174,8248.961596144287,8871.80650809145,8832.45459850548,7977.863662975724,8437.030857625847
11455.199686695563,10949.677141495726,11276.554552675538,10624.776641169756,13100.522540330221,13611.09239519395,11774.367635562558,11673.58001506936,11665.046102856742,10598.361818394511,10708.14027770672,13087.784629440146,12222.039311594843,11446.894601724602,12178.424247362615,12102.459332430972,11440.938536958649,10740.436799748908
10484.245390077049,10660.018633538884,9740.534909944035,9767.996823278852,9407.5514925131,9970.321680402136,10263.971750756422,10162.646892564946,10655.865553759975,9378.93631005818,9305.554393822149,9510.690412938677,9669.83200204076,9638.124527734512,10253.540742497924,10532.041583606806,9421.41998794067,9389.011875220836
4804.7223927181185,5276.782912122223,5156.163363145425,4525.653661724235,5703.718198609322,4998.0486237315845,4978.941654244256,5143.135420485204,5652.401276611459,5238.549556992313,4750.646958842406,6019.358633050677,5542.28069377078,5467.731716186236,5911.6779038555105,6172.900954692518,5871.670893308986,5305.09909988575
9128.084941829657,9278.90621596908,9479.400846837154,9600.105162388409,9194.868449367415,9685.300784735382,9079.031457262518,9123.095467006304,10095.387097158065,9500.155607302557,9528.206071826306,9623.127317570705,9795.450956222718,9351.139251173203,9599.20562182449,10230.18204379321,9683.976876502229,9931.204544445374
3434.5033827211164,3725.606786811194,3489.994327399915,3810.6399218150345,4294.951159708908,3727.6326166788954,3617.7098572799205,4146.524507484914,4250.236812191986,3839.1882108548602,4116.841231049802,4682.3774693109945,4298.053646408796,3995.3682733903624,4569.225765559168,4676.211946114111,4499.1603457847505,4799.214417883781
8142.776529510833,7765.530870424498,8429.218983793771,8310.220375387227,8705.714776163968,9182.304702069036,8035.085520685372,8641.095691786217,8873.889788543496,9197.865505506681,8903.41634173377,9350.738622103372,9505.552457158694,8640.448533264846,9365.207580799099,9549.179233118623,9766.265280569485,9598.761256422085
5846.464313391645,5884.151211435033,7746.133550111139,7001.4670323518985,6042.137930353865,6404.867404888359,6414.897788162645,5883.477923019332,6136.212827028663,7276.872181799997,7080.458469985958,6765.024711029132,6527.539039659525,6939.242070395231,6509.5900609201435,6067.050027518824,7163.479007308764,6805.548840775409
5784.430930039744,6526.872595489163,7249.858824301163,8530.458880355236,7646.509931614542,7114.788038141181,6036.105343161266,6086.361077451373,6749.724914460349,6866.567535306378,7920.301726495185,7279.7194119687465,6909.261971431124,6309.650042519843,6533.42710813459,6990.623683450836,7113.637605584114,7734.477578544686
8686.01185696836,9700.118505430662,10547.495738429934,9917.496291851963,10002.50265788659,9702.202623070782,8893.85194889307,8973.67096475804,9929.326796250378,10015.823986166994,10022.707453493269,10639.087187808822,9897.025523497021,9396.65182749501,9836.530414130493,10036.79212015407,10163.29326934087,9860.346977693505
12147.117752535865,12955.492154535288,12793.709245357655,13811.741018811601,13039.488802247259,12724.298286886846,11443.111959450523,11868.10447819292,13286.850428190377,12618.916667077921,13576.226083310488,13108.299273935154,12629.921820579635,12028.369886266244,12368.064641769919,13265.34762404989,12133.68497801738,12554.72845851034
8106.328762936996,8579.251249907004,8271.828272170176,8528.736368759026,8516.779542163562,8136.109969680179,7984.005257428893,8491.888007272411,9084.52990941336,8564.772253638526,9071.879823323186,9045.561266841072,8641.691231488203,8784.452755078635,9188.054009033183,9552.941999602057,9021.599198637066,9327.313903461774
10334.340088365425,10603.706391584445,11602.865612688947,11157.743396601232,10959.35152413228,11299.797977762326,10466.163960474014,10688.47680849085,11240.973139938462,11295.306996389792,11433.116203554911,11693.176354779014,11141.24443379038,10974.922576686698,11944.706128479544,11869.26821471092,11896.03857441061,11849.010856204784
6514.656864588114,6520.7367704726275,6536.7665672199455,6559.880367048269,7266.381978469721,7319.960652726855,6956.9963365901585,6831.331418395488,6938.586843620559,6595.981722415272,6684.612202601946,7258.796136439061,7047.437322979236,6778.319712374914,7045.9394830071615,6972.534925403523,6701.924583355584,6734.965858031637
9803.51234615202,10447.735977090422,10216.90278848154,10714.027311126434,12522.009724539079,11733.56931206196,10509.911935891452,10608.758321150315,10423.308828109917,10166.675837648576,11132.070357358694,11742.508085262547,11412.303924167521,11451.124401685163,11185.343335327012,10747.078208675423,10997.87848951275,11384.162177136312
6013.946547949968,6774.340438241059,6647.95745072778,7481.4680195529345,8066.752405937458,7581.918589098736,6584.690929197024,6571.451821185699,7220.454488776277,7022.77709909102,8025.673887620822,8185.96851802066,8048.415099351931,7773.185608445652,7591.348261537067,7983.168537375255,7695.682455948889,8528.375718356376
5321.68722707551,5248.503174669559,5552.50541088966,5171.0736821158625,5958.153858991647,6175.6667661711635,5021.109480125112,5922.521533011477,5467.679903366445,5621.571983651238,5467.753291680687,5701.395484980958,6191.016866254293,5370.334632736094,6431.647254862873,5887.753457748682,6203.726800848255,5580.605180845828
7906.689188730217,9146.418087433205,8307.705162777042,9692.242925640488,9281.126885306323,10065.835235391341,6453.337088938603,7752.173419486804,8782.916042381326,6864.532260975602,9816.698294337986,11364.141056557008,9991.276265857045,7496.026611181721,8739.74678605699,8880.886203038242,7349.463563457581,9131.05189961709
6175.399789504942,5230.620146045219,6086.265660187976,4992.599384007525,5599.266820492555,7098.004116782498,4463.553458617817,6168.91531271058,5462.618966686044,6222.651448391558,5849.750215883303,6239.0876559956305,7427.572029805169,5594.982808926564,6977.088163215011,5946.547491443457,6848.201416696564,6271.430072248355
6233.56206433491,6451.730734022965,7244.064781381686,5958.7857163043955,6897.121686797637,6834.629503895549,6036.799398436135,6785.949859477318,6504.236292064234,7004.394378218298,6649.439193543796,7397.581648275285,7319.443026296424,6930.251307723483,7226.965241734493,6863.257330481958,7519.442694158717,6786.487896928333
7679.910758812684,8235.605703721987,9002.630044764792,8392.43773799044,8748.141757425663,7600.244419219562,8150.512257143254,8417.605356352065,8508.766249887158,9433.081179139459,9378.401951476004,9132.21147804543,8388.707505281025,9068.933453664893,9068.621369472228,9201.947536498035,10105.10938129325,9640.651805423862
12308.817726094552,10555.08001916641,12381.059269088866,11097.682345943942,11803.10658714034,13035.871526463343,10328.458701642347,11469.832143832195,10365.292376924985,11264.10513869827,11080.482146238963,12583.038148399362,12121.340602514865,10264.495827020539,11708.953656329637,10352.853039767595,11129.820751913763,10461.843103756568
6442.228846767384,6197.684579553568,7056.59774069647,6072.485853384118,6778.4910562715,6240.463335688415,5667.498070968627,6283.702471201045,6518.478299241931,6890.651767340237,7011.567406866572,7934.114675295476,6603.28266522273,6928.922764712949,6824.744739610541,6670.113752378186,7163.149033504331,6232.81982266961
7775.1118615822215,9072.570126411749,7524.738487087123,7782.19794921732,7754.841326015734,7490.915294280883,8088.378264529696,7537.377538434253,8943.603561419939,8127.629829028884,8082.011453335386,8296.048700709242,8062.290547055221,8609.812393014381,7812.7492746343405,9369.18529899489,7839.85769900434,7854.79014564466
13083.046389858435,12465.666821977822,14283.630870612422,12980.391170564348,12555.398989620633,12544.82253257824,11568.96383203167,12505.979065003967,12265.361786578247,13581.537915374978,12866.465987050215,12661.929985817838,11989.148428963417,12004.610792061072,13235.059375205004,11882.963988102569,13210.866781634659,12226.763910592155
13283.422531987595,13402.71209001226,14472.578322438592,14609.743970149204,15276.730124857308,13371.160001562052,14383.88256126703,14812.906582892654,14881.66469223912,15446.076783259983,15673.744925072748,16310.206664704894,14816.032186689545,16753.123613789103,17342.262438293816,16673.612717352724,17302.916787296315,17184.218044408604
5942.7813502911595,7078.52698338362,6608.984069223025,7281.468319913993,6817.318188092282,6263.982598138625,6078.989153543486,6537.434990689222,7083.255921370624,7368.614395945231,7344.787214938037,6473.56629758915,7259.504463400688,6444.845455796044,6670.747088456838,7626.437777862369,7452.028589866842,7060.818719605346
18447.821632553743,18984.223518892853,18868.51042379549,18798.96986421336,18266.291183718175,18017.766258196854,18542.969525285407,18476.398127337834,19018.029326368334,18947.80582860222,18809.2927552566,18600.59119134086,18172.580620166813,18496.443057992015,18643.339243057075,19162.853801564484,19116.306982193244,19006.96743294358
9999.267440078744,11160.811209445637,11072.58002811488,10796.267365356078,9207.228105639706,10760.073735390793,10650.46903263748,9309.357959813113,10573.855505244966,10795.216048410506,10019.074620614389,9366.730083809973,10769.101481542526,10364.220348264364,8883.43035397699,9516.84921982321,10129.08262371321,9550.991164071596
13402.88953260376,13579.328556177683,13510.319116723635,13843.407519655937,13262.94109510876,13272.809628720288,13963.380040674154,13717.508183966174,14218.142073313622,14247.879020254799,14189.274770405693,13863.774845138021,13765.688748698825,14110.8453381621,13937.011835258305,14230.481850324035,14153.675947214368,14326.014268972083
18106.430982144993,17463.9423134233,17399.137605111595,17736.440505250997,18231.213062993542,17895.877382292034,16907.365856958007,17984.920852519994,17445.424942570266,17559.72395609323,17540.217332230746,18403.36943900901,17769.161103750503,16878.159632055802,17563.165104761265,17164.07627899461,17262.26756898496,17170.669284543575
7874.365232218241,8496.797407456052,8036.520104523062,8465.398011150599,7717.131768822595,8017.878849486753,8964.551718519035,7900.6052787543,8181.7892141265565,7775.875642827161,8039.943864977762,7637.463789440527,8055.2895750216485,8598.764421219501,7831.911569180209,8013.458311498328,7881.990036635474,8153.612856027276
10579.0560544368,10443.514809549859,10151.61868922033,9452.97556648354,10280.458272286634,10769.539198309294,10275.407320773818,11688.665692522569,11541.507818455168,11002.592410738942,10718.603669080403,11441.175838354473,11187.995818929341,11043.220857979522,12246.709318532989,11881.983752532804,11847.236419011275,11500.144145951253
3864.7785540546856,4407.012618641973,3858.973314878959,4610.513392836754,4245.858520768942,4409.619628711015,4193.051400406741,4280.465106914826,4858.034075235058,4221.641667629207,4845.873348701542,4674.974313025588,4624.064639029162,4500.041659108307,4694.283385043155,5193.681797957128,4614.430667413014,5139.730981048564
14724.710022548661,14818.50453022543,14767.84391754118,14548.722708690704,14571.301962509862,15212.761213878483,14701.98227613977,15220.120357558095,15402.707651538038,15291.735432039211,15365.25147215087,15156.848837389036,15327.182124201194,15144.081938273546,15346.171142318955,15204.13770909569,15423.314485052448,15568.626383512385
13999.987908024981,14386.786538744662,14726.220132933817,14404.639091484143,15181.168137193152,15108.949548188386,15251.000563085487,14940.76069925359,15229.758831913847,15522.151080071388,15392.955147937886,15788.13067262889,15534.361630711875,16124.981707149082,15502.147168776526,15586.537256632268,15971.294045198352,15672.401546274941
8767.939594002666,8525.08947567166,8512.340114916085,8516.65903331849,7967.693847497006,8962.903957638242,8817.764983234225,8483.825524948537,8833.21606998888,8397.688001945651,8130.900642029076,8062.846618167292,8565.095255367274,8272.615041237277,8496.098590681995,8675.534020350986,8218.95584248709,8191.509382256749
8664.77565939161,9256.568210709092,8551.096503337692,9045.857251772244,8818.656417761802,9560.43513025434,8661.832242144486,8545.622931425223,9151.909415240407,8518.947470176845,8758.277751901867,8976.62351946541,9228.028407912765,8684.245097832587,8696.619917074053,9085.927068940684,8318.482446294087,8494.306676971062
15022.647930511557,15401.8457065602,15133.963571561566,15131.105389673507,15069.975013037743,15357.839195719294,15641.366135731005,15356.16979838174,16074.072765599885,15454.65553487461,15165.097542730919,15458.834285697849,15358.577315922876,15779.408352999199,15569.055561104518,16006.920285982917,15387.465266164749,15414.146451577071
10858.4247384643,11249.204673174903,11101.855281933847,11145.77697473062,10941.061189612272,11293.007777582632,11106.78841517263,10857.948581677902,11160.391175524572,10956.478165470937,10871.118530799471,10727.577493258195,11022.93275580493,11037.675334092208,10728.1024370592,10900.713069813868,10751.395165166148,10657.798372610112
15276.226002526259,15499.628411108399,15436.026560426839,15494.399256929362,16048.498538298596,16558.10202143998,16270.912356667908,16456.481522407965,16806.93658750232,16442.4698259415,16555.91953878667,17148.6068269601,17190.258926801056,17128.12923111958,17285.599405379307,17425.56770646164,17187.71764578425,17418.00772832789
12988.302300323056,13085.274079634528,13051.236067380545,13066.823338534168,13186.604772369492,13387.976237955332,13188.770063003474,13123.032213321076,13260.632336391605,13129.172182124908,13004.20788860527,13219.988004904724,13064.810366051439,13301.035008268453,13208.892247376618,13126.754648259515,13000.259279772421,12854.39363695294
11148.871803712005,11293.377645179706,11295.159546807037,11325.982130529248,11556.788536294778,11892.391261568786,12214.16182316044,12231.639332230063,12577.660932475366,12392.636441402236,12292.943179266178,12641.69756377768,12724.862335517628,13184.272059967258,13208.38297625105,13476.165736354942,13405.358039164845,13293.142986753901
9957.442792502847,9507.362443330363,10019.054101688253,10016.053465057441,10547.153958304501,10301.652186152525,10226.70757437591,10555.98651479073,10361.425152102402,10534.554480566285,10591.931937824244,11208.809573558046,10883.082793986152,11026.3666450524,11273.419937082741,10826.384426255641,11088.430979947749,11164.47558302142
18360.056081091258,18191.964897450398,18304.617974535264,18024.25915208867,18189.5756167422,18645.396476506296,18698.939810784497,18667.654984623245,18484.01933368064,18493.76853925353,18339.95955161823,18443.91209410732,18866.72246681087,18968.007116760982,18872.152302256152,18700.093401178376,18690.356973579597,18451.52961566332
16588.523692436058,17675.869328202207,19069.495234388018,18888.39851251694,19446.89506640531,19269.23078049503,19728.17816859958,19324.956960273987,19693.407209003053,20353.01400860906,20069.130667339155,20946.39902333147,20791.72269536798,21871.9840478571,21237.389836722818,21666.637306152803,22804.07522224372,22617.015378499742
15919.564434501714,15716.086221341904,15675.38151177414,16465.005629816744,16083.210467668005,16666.725652059373,16481.446112471567,16377.865487059935,16523.074025438837,16254.310165008897,16612.071521399965,16766.98762830278,16963.49584541728,16875.351231725417,17029.75187841334,16949.936542863372,16671.876382612674,17076.67722325168
4920.558415683221,5017.523438194573,4645.4852478504845,5055.176695536581,4887.771843136479,4932.280225655392,5446.901691805097,5457.294593462377,5497.1957705765335,5280.792728915005,5417.646208166225,5240.957903421346,5117.920295288304,5557.762406261488,5654.472499619549,5700.087870011039,5629.907427666675,5913.365226007585
5793.532849691237,5683.945095661299,5841.204559424852,5464.743238879795,5593.304466821823,6114.169384878392,5771.0398616979855,6320.963571315435,6490.74012604369,6093.607656092863,5884.669297392329,6193.329974573857,6121.405525009808,5981.012932440188,6657.560803045316,6713.000141317058,6467.76766657783,6609.533201908973
10818.641758239373,11064.039412824088,10886.622991681696,10679.035699974505,10332.443265229835,10963.348574398722,10796.995428429997,11284.58367165362,11590.915777073056,11181.960382113744,10850.533032016523,10838.347668776054,11269.728211169622,10994.697562553692,11441.439498311436,11402.487674949203,11283.877618272318,11132.507577475786
6904.265561724036,6847.029864092936,6818.703816432803,6956.176873953837,6912.635877464592,6980.913837089767,6881.752601547631,7304.925127909972,7444.394568727856,7273.278995008483,7341.465564781793,7400.175227864971,7262.306323856157,7305.40725812444,7732.843956882343,7699.343876877847,7594.043027697571,7680.939239646364
13275.091272012662,13244.62014683655,13421.135184814986,13686.211887217894,13211.490736874544,13256.551276549191,13353.340865469061,13730.942393651054,13883.761739432954,13792.759447783606,13911.552492517672,13528.441494242139,13359.259531419262,13560.246722467855,13906.879478633942,13863.734174916895,13773.267099809033,14007.807678193694
9400.202122544473,9168.788572794547,9349.230021274849,9385.62581341422,9232.236308690928,9544.542166943575,9734.926136032343,9800.98762397356,9927.337384924911,9811.224538286502,9608.23526768386,9760.659931496952,9736.919907963695,9751.209439512753,10096.134095242587,10054.55583138473,9932.703118988942,10109.164646674437
12745.58123934353,12542.36204473559,12488.259356972414,12668.697691485493,12166.503919193761,12586.3243257781,12775.021420502855,13124.406808960994,13270.425567121358,12956.81606182639,12895.004216086003,12811.636154444936,12851.752524401192,12928.79307490526,13205.607529988081,13068.146720792865,12778.150241749965,13163.726181566788
10269.587718472974,10428.942935464613,10336.525996127253,10300.14427507262,10129.504464762664,10548.446485918106,10689.553128278574,10687.461361415073,11149.67470628895,10829.949939147555,10665.41896846881,10700.930348997907,10719.27662611529,10794.254690634727,10775.073494600947,11115.512586756835,10962.164144715744,11094.899173148733
8153.852108650753,7794.923065233917,8067.175343556673,8187.7246344311425,7874.790760748221,8102.5388495904435,8354.921384876281,8461.759649407577,8324.408511689546,8566.199790253973,8359.79217782108,8268.101542689776,8430.950353040722,8353.122292434075,8632.385165925378,8451.295600067333,8631.701223555032,8689.792797138602
9215.574447252162,8970.57514109748,9089.405891036024,9177.33819272379,9025.709699484725,9402.112339619858,9281.899033893282,9429.45054531324,9560.690956719358,9473.281673358188,9246.45005206405,9384.281250340005,9646.495129044026,9447.740148520152,9573.037272464215,9599.526060986684,9450.223083199995,9659.032760487575
6189.939877023958,6145.06880769656,6182.67018703185,6054.712782675633,6234.555130545145,6383.5879567509855,6456.352971174885,6614.219599381633,6742.658307374502,6603.923927770769,6398.519586334746,6610.442999406863,6589.51866105666,6671.2117833133725,6927.530153230891,6926.872535438761,6815.527816298416,6868.715255424855
12056.729417467213,11469.954437228142,11809.94174432008,12150.022769161367,11477.91611682059,11641.625258087122,11743.795803617344,12313.93745840577,12088.60553349912,12246.347094149953,12200.17494184756,11948.976168202193,11911.631985542721,11747.441908923474,12344.609312790932,12013.997579070958,12186.115048312366,12520.615446652715
9914.52160033659,9858.986482915247,9771.714205818123,9955.213251998419,9699.8950741873,9868.800193125739,10166.77874656979,10424.774717984605,10593.827382338015,10338.169331559231,10308.480517405682,10278.210463554835,10206.762048972294,10316.050593516298,10629.476720836457,10715.94715805208,10529.267201945255,10794.574488342354
11537.581913572802,11374.953662397733,11309.012385434457,11586.092423755443,11353.02130629364,11663.567318945557,11749.427005007281,11891.953748742195,11968.6621479128,11593.96181668033,11554.184847484828,11736.818667809941,11646.799212783395,11761.665600626497,11953.770460512267,11787.79974359265,11661.160435047907,11949.646473837
12497.251679343251,12382.110013847829,13013.820684073693,12835.305758839595,13120.36361557844,13397.286455647103,13191.871066563228,13450.043760094184,13601.103363121958,13661.883148235607,13805.05731054453,13837.913386918886,13597.841833953846,13865.153078420884,13954.896965104517,13677.118845927336,14173.981850823722,14493.826369041806
12957.334656195819,13070.800141773627,12587.415959871367,13002.232526815464,13056.245056227412,13088.416783758945,13747.620180505586,13471.313855526709,13745.75539554239,13634.681764416275,13461.085552967288,13472.942206640455,13457.609434435431,13901.217181155384,13693.75780453346,14052.45697814838,13853.62053575428,13946.411201058916
8116.798351562914,8008.183069726827,8251.377620135314,8301.433032007313,8194.86793166212,8300.827253921778,8489.131816240597,8597.293333179347,8726.414604648155,8801.442249153077,8725.731199110754,8752.042411922946,8635.694975132325,8729.785029359926,8949.514724824974,8958.177132516821,9087.7336605404,9176.642669336263
9909.33395578391,10033.010349331074,10233.935321108951,10441.000187440472,10317.489542125706,10199.418728908151,10365.459555649502,10471.968280708363,10909.499184189403,10736.103621189872,10835.312775713488,10832.44797269407,10502.661970798476,10597.406832821613,10681.025610408458,10905.450975043885,10918.509168322791,11347.742469402492
10348.188421875646,10242.871699200576,10252.846625202093,10794.215339687267,9864.585060669822,10457.552069487318,10109.60138532029,10746.428144013498,10839.639593577112,10286.070628712361,10800.544641848614,10161.25268898293,10392.78793386669,10000.14325836518,10669.993111047414,10491.522708683537,10048.86899431796,10915.854637440609
10722.357218232155,10882.421329525176,11384.605835052873,11015.694538731608,11804.100929483036,10425.63740511621,10328.719009538432,11503.998013139742,11376.54765040315,11329.410926224238,11600.052989761916,11939.530647926094,10273.681232902003,10813.015687684512,11628.083317233446,11183.638416167229,11559.821516932627,11706.809726696949
13954.968347465365,14205.197284698503,14113.064090057442,14553.789887451658,13488.85513602583,13828.140015781191,14089.296082133038,14426.007106375408,14757.382932021756,13980.018371848779,14822.477753459876,14214.019911991902,13750.894535827563,14156.742100197704,14654.081181417972,14655.462629073209,14163.434377480306,15106.405995825146
8089.34924657366,8312.180316818802,8306.930674274154,8377.641669626446,8231.714183899581,8960.913952843477,8462.930886125909,8558.35311407458,8908.50476827143,8457.502976858344,8747.111188775616,8796.937560338316,8920.234358837355,8549.552561118693,8825.42393232388,8839.57558050441,8670.099934037778,9136.897228291262
8303.591370288097,7898.3359858928325,7794.307326430983,7817.086550314114,7940.735717949503,7884.459268101165,8362.61031591537,8408.280751563132,8316.351342686808,8379.739722258297,8031.676429926536,8261.612808643062,8053.11993349841,8557.315364041837,8657.07154800613,8660.392718581608,8522.410651635764,8171.125833359469
14124.257061056545,14131.579921943772,15333.374534517612,14432.596984346274,14671.73371348719,15287.71852924443,14415.821012949273,14725.52589368216,14851.405157986726,14515.249795906391,14288.645773889664,14840.86053540625,14430.809029346472,14340.703320176523,14593.172228946636,14228.524177648074,14620.978250632665,14515.816361312975
4056.750977690479,4000.398652561141,4128.2468311469,4164.3818406929495,4174.558786719316,4350.241697421661,4482.248440195717,4545.594071215119,4548.165444467112,4539.3655834797955,4507.492184151656,4623.689674895375,4679.943219195582,4799.802706913596,4957.811409766346,4897.87690098597,4985.1469733981485,5036.439815563801
9790.596091251016,9849.445251326428,10022.747520242383,9926.811449853103,9515.804831320029,10207.954243238171,10088.26838256646,10222.419896175283,10625.48074674514,10418.379365861412,10206.25875299838,10055.420615578258,10219.605345588137,10194.927923502677,10434.573394854826,10661.017910139733,10592.01238235,10667.921540671363
7125.044064405938,7162.869180289308,7474.77843881006,7387.061691966455,7293.754216477259,7591.721779565444,7662.752590240834,7546.221492805609,7814.668874427404,7797.206135977933,7565.611430545081,7737.227098549451,7596.453836932393,7656.008796879412,7857.40202115612,8010.491010045596,8193.018541485446,8118.711663593449
14274.23037313723,13502.26366357095,13872.095727013668,13630.107009704687,13819.119626528613,14074.289827640261,13740.881108194186,14655.85850937817,14155.015109117718,14120.247694947058,13738.140268068113,14002.72711484877,13736.552668939974,13672.672740481303,14554.231725429829,14009.816994579738,14356.428359559803,14159.17016502631
8511.489081171374,8643.840379919719,8063.338519694398,8302.519217226185,8344.042733741604,8633.336251785293,8406.756134195877,8686.925659097407,9104.55166358939,8447.405429077993,8413.592627443388,8574.813395138322,8621.55891731811,8164.707667093912,8550.248189031798,9093.563068044235,8524.974594068624,8651.30234103061
10489.820936253538,9765.460717889226,9508.497961247289,10284.669690342507,9707.956790523633,9843.65900677288,9706.09517596031,10228.950769207624,10174.56797448061,9649.989061218555,10151.452034502803,10299.307522767222,9961.810625987093,9779.560752137992,10191.344080401454,10208.852971878521,9584.606581895765,10215.042004808522
11963.933065206911,11545.977943007652,11826.451081515415,11843.543054947299,11467.455991146424,12026.983178943854,11500.32785628844,11919.365276921691,12069.919271517294,11901.620811115274,11613.064839768402,11335.673769721132,11540.160908845446,11271.9838417461,11612.699239024432,11798.221604837947,11989.65761334413,11947.321242525395
12365.138669764288,11815.121985283122,11946.487596945979,12983.884207961037,12536.017926110586,12861.783920447491,12278.389525380073,12311.274040927983,12319.448316788166,11983.114689567847,12577.446517960085,12429.275653505269,12652.097943995155,12122.90858446648,12473.604270142234,12524.540154220207,12081.860870292161,12871.263243037996
17791.526618020536,17131.93988740258,17484.704150984122,18006.010904195555,17242.208613856477,16953.804829760094,17107.194884629927,17271.338401499772,17286.066404817328,17299.07736893956,17627.39107588075,16958.180547849763,16688.319367741533,16747.065228806612,16956.164299248077,16967.47421272997,16804.744652426754,17191.079184835053
8838.889773214232,8688.072299772972,8302.99937938628,9188.775443153248,8634.471888158372,8752.04283933679,9216.88531596279,9167.882569504853,9257.929315702195,8994.335898933188,9230.881316472394,9043.918057639177,9194.132629253654,9460.566049626466,9392.693433037613,9578.489616528082,9174.022621366086,9563.468053319932
12954.6094040901,12168.826413854578,12188.62732002349,12539.204163756234,12099.144911199746,12709.612052780172,13022.912946246812,12899.063876095277,12690.409011912532,12625.892875744103,12339.438520041182,12452.318294009872,12800.836343967232,12984.616575484208,13057.600327110538,12923.182812648196,12570.260297427172,12553.22331247769
14261.457838693766,13719.350720603485,13108.343315740909,14127.98185078677,13885.724447949853,13961.874997380672,14039.926910719385,14181.451336346101,14371.60858809251,13501.946035159403,13986.04800630236,14271.818646289066,13912.568730079025,13909.708920993196,14092.283797736687,14130.0467131393,13235.297845079991,14114.501128684278
13332.707374111038,12914.626064992783,12563.69865323287,13111.776701191873,12781.311935030648,13005.634533695933,13109.732158421353,13448.585746320681,13417.537896836127,13070.370393443915,13081.70586419589,13201.70780210153,13197.486141143458,13223.355201588389,13192.684805171013,13224.87751720101,12852.726875972397,13109.290234358232
9416.266999082482,9421.156324966501,8987.743932821055,9482.009597195865,9054.856193387819,9892.98477888343,9809.8423472028,9668.41484087465,9956.211623913447,9532.251136471139,9624.511892227456,9401.97233150221,9929.591102023698,9737.67472719296,9625.96820774519,9863.13047383277,9636.768743373472,9882.59857037007
15523.994779589197,14769.166947451671,15545.718694340132,16175.787792626095,15193.58366569637,15831.806395642085,15758.030007273363,15529.554429717893,15585.557020777804,16403.77920958602,15762.275137454599,15458.223654291,15855.103919208254,15489.174042697554,15121.434023138621,14989.089046540445,15801.716395808706,15662.59232148614
8729.227885371343,8908.3532027681,8398.891382710157,9284.399648432778,8808.590583053978,8746.789162939898,9405.302118725596,8649.692918934978,9112.571183294458,9175.070705513957,9298.518714814223,9151.761482978267,9210.943824590384,9423.010097018612,8529.547423085698,9021.706670779311,9076.473398751252,9490.066782208636
10352.162067507477,10397.071625087478,9194.75240279486,11469.667598132392,10104.079243945103,10628.486005435932,9512.623082534152,9957.568654350373,10479.017997119976,9594.783082967344,10913.164577613381,10115.176180539038,10695.567029306403,9411.654256949703,9529.34551395585,9888.250386213644,9374.674735710909,10798.12587847358
7048.846077277396,7723.21351804526,7225.212634253336,7491.325595678336,7607.200790350957,7452.506819795127,7621.390625641682,7613.9960641897505,7842.01349959618,7529.539699875488,7774.4402556595105,7462.247934288725,7443.754095678933,7815.6209787047255,7764.59546695269,8041.136452287979,7717.375499983618,7746.413899575427
5233.32870493418,5333.138462113065,5513.044912551615,5197.824470250764,5149.106362811608,5354.849781105686,5588.720626195188,5574.243543221114,5694.38115482334,5897.255245167413,5490.652123326408,5598.119815843123,5594.0926234970975,6001.798393104855,5875.484497233931,5872.9259167040045,6101.649467240771,5697.061713882609
5449.309539425593,5890.016599217477,5905.060220785985,5745.307800840954,5755.861126296051,5893.615191570346,6024.529471596978,5836.351265008223,6176.290622572456,6107.528187406278,6009.606199895709,6012.106008156458,6075.244209494687,6398.75343143276,6135.892268025332,6292.208638888711,6420.85770306102,6171.212211733841
4871.747885438692,4760.405090282702,5412.760856211429,5338.337711109756,5068.769066540486,5767.517032088658,5408.187845584043,5178.381466201263,5162.651547302628,5661.042912774665,5364.007179835713,5227.638084415739,5632.071241247902,5520.956733111931,5516.105231727253,5345.820633486587,5977.6766714436835,5601.0461391777135
9430.54078821731,9341.841776158479,10135.543192894589,10176.345201344553,9774.546363232457,10306.90956215435,9444.579355126007,9793.148597504882,9709.603005574407,10313.390323630116,9996.285242071404,9686.243206291667,10056.566189760062,9652.052047860207,9949.543989885,9601.724552700543,10329.510701465442,9705.06988620526
11392.227293132073,10732.139212292754,11183.891173462225,11329.239602293128,11397.17285895361,11418.861461812443,10177.04039915228,11558.134824875355,10952.400659527942,10913.427630797454,11112.624750005762,11136.305615670099,10701.221386639041,9885.174431993784,11303.799313271924,10710.774787539713,11147.69213325176,11049.26806385265
8644.136500662345,8275.532291079358,8444.603097970346,9069.75688152984,8677.533853400968,8637.810717918932,9417.014057324612,8980.761594586162,8556.126747428058,8999.781136032414,8916.234998336018,8779.265219052855,8754.498449601906,9189.468919781615,8929.50783636576,8833.45080892692,9302.302373611288,9205.791160250472
10336.9341930136,10020.294273136864,10387.920322162048,9603.117743427207,10174.51825439899,10468.79144892326,9868.035931178587,10321.642404819106,10040.212498726052,10364.673559478444,9539.45448031781,10540.201544339994,10388.76119041321,10006.09880633058,10128.17147423585,10024.422450150618,10122.572468541266,9201.407563416255
15808.951749906415,15765.739277587654,15806.924068126373,15461.394589645188,15929.643214325733,16062.645600252417,15138.452833338359,15795.047165368196,15774.700043606985,15837.098517629967,15223.808551748043,16010.29302039661,15781.455799227839,14990.576811853764,15419.326714069854,15254.787465793943,15164.972326526298,14401.656834462061
9140.965467258873,9138.30885845998,9166.404219627242,9066.134249063656,9316.078840175478,9555.508884111998,9043.598282094776,9443.89334842535,9604.298799643555,9591.362590240271,9435.659465444383,9707.597590180578,9468.635058369196,9080.846344459784,9472.621726519621,9532.358181533802,9587.21280998554,9455.136865473043
8169.943098763107,8029.098279735588,8226.082623546548,8323.355670045428,8384.391003002353,8529.282606918563,8309.362794666878,8435.900353159628,8823.965210711536,8766.291210420015,8650.99617112043,9034.790296219755,8901.027783870242,8557.897379568578,8651.47092893217,8919.418820696485,8615.026722736708,8847.680103215434
9535.848313279996,9307.636240442496,9343.146513426587,9435.342146264744,9719.8060809534,9907.305010554319,8942.032830386248,9444.254799784821,9596.96006003924,9413.485940013934,9450.055965930405,9964.345126249913,9675.234510436972,9009.327639075585,9375.420213585734,9392.753609303207,9193.45117471915,9130.07049205119
4439.131924475663,4566.030582256359,4876.466093945759,4713.748836878698,4684.741411824418,4813.641605793161,4693.555942289138,4623.012635900846,4835.478890741226,4859.931385822357,4878.7775569703035,4981.3471360466965,4825.389616934826,4932.551001457043,4900.570330203662,4965.337478471468,5046.083166156958,4999.2457537677155
8631.533965633222,8328.122181208353,8642.323721780302,8854.325963901869,8344.871163061018,8577.661682889377,8490.998367438533,8594.40906671719,8474.471203748413,8575.869390715567,8798.56941547742,8433.08709317775,8561.144787822537,8578.776709096182,8654.644919870649,8496.132121437591,8580.303430449932,8772.623159288914
8246.35635487645,8504.065561017302,8434.175586902478,8878.052092184884,8471.128552126691,9059.37113217876,8495.341298189063,8363.165188699364,8688.686800510266,8419.893652565439,8856.000426303726,8624.98571358563,8901.82598327021,8589.161555604613,8575.753740229746,8802.940114002366,8656.06542399784,8963.590533358278
6542.680712204419,6940.904723931393,6987.122903966112,6927.358507084604,6770.035674482021,7014.401751763177,7024.304331603305,6802.008749362691,7173.380834605076,7040.702220524867,6984.986087945499,6838.6753900976755,7001.043961078318,7176.786086387434,6978.824019093136,7229.014769074788,7131.207713506162,7115.099172276929
10809.112080612653,11130.180954379859,10753.052536057869,10616.474175096671,10477.584083296115,10492.912908791663,10700.521553639348,10774.470427756261,10858.526525858022,10352.300862914919,10311.331713991322,10120.705813895465,10203.349885285372,10465.692707379985,10344.51046706451,10389.362800835606,10080.972678680053,10044.845580978905
9756.59935759868,10252.30439011965,10314.281305009132,9881.42593836108,9712.785160179199,10167.053578884756,10077.54586147025,9890.590408566877,10417.04703095292,10070.805351294874,9540.171060083698,9622.6304026933,9691.556387684876,9976.758040632158,9854.072627855203,9931.65934550591,9930.065411331248,9465.03499919461
13090.803969495422,13551.042910013803,13046.373233135635,13010.801461375813,12880.78333663975,13067.69416699038,12588.520038510522,12877.943557182038,13181.874587015785,12530.787065363655,12336.67280357999,12409.849461036207,12447.618629948654,12542.952402251613,12450.225039945533,12493.282042956462,11927.887786329607,11817.702551432154
13067.776062730527,13244.238857718667,13831.87303534123,13517.707361871817,12858.689228991945,13554.39626940092,13707.238289671592,13151.696967180393,13359.762533677289,13252.744434386994,13002.631578605111,12530.842410001585,13331.68964998031,13641.81626608496,13296.161803059324,13181.726856184205,13165.672555234887,13085.385303287221
11049.469020862416,11870.62128195095,11834.878002045252,11831.264782548418,11435.186126806466,11802.553650107093,11536.372680447748,11266.742664829098,11836.523789645657,11705.423026776636,11379.643263478782,11280.150347540202,11570.251121529327,11779.472304845418,11381.536739607911,11702.010255886289,11773.655764129984,11394.382987934585
8300.338549201155,8009.945818060696,8410.125864119123,8158.460861526408,7916.470593656239,8915.419814442936,8377.769464799778,8529.253883204256,8531.473999439087,8433.706206915243,8239.40871086844,8365.488724766008,8767.058805232726,8485.513997792104,8830.940671735358,8387.788746353941,8466.404433839429,8580.895725494098
15351.193204747666,15788.297362102992,15434.906824910617,15923.154977034254,15748.84020602657,16662.304740894462,15899.062977095957,15894.716576929295,17112.880279761506,15931.783187071178,15996.852676901599,16486.072144652207,16706.39557635191,16113.360575760613,16453.666561904814,17031.792186995124,16209.61109691903,16844.218051809083
13271.983957847744,13302.93170197244,13556.63141520332,14054.865095614205,13804.788279763474,14707.372744431561,14361.784231245376,14063.56293246608,14273.762610152,14029.837833655773,14198.717456129369,14509.639880948744,14835.036858473433,14835.79141654396,14672.187225416366,14490.900985410677,14536.92407827794,15051.012062749485
16215.889724048948,16737.189505005947,16657.278767719807,15750.347029515691,16643.354623057105,16804.327409928654,17035.486828921188,17398.357230510777,18159.14904617566,17536.917175391936,17139.847963714245,18091.848400594332,17595.12161481675,18092.464038906786,17965.73061560533,18211.28806931229,18115.064259735627,18036.378318558163
9289.845026325474,9346.140428412078,9547.282605678192,9359.719228610567,9924.233782969939,10220.414741656978,10167.344688766501,10359.359448783898,10633.999856667182,10404.258506794195,10389.498851763925,10980.648055649854,10789.405760311223,10895.0531976936,11121.511428279851,11160.71374225244,11145.013229633332,11255.463780964052
9511.84731153076,9536.479563828567,9662.04752764064,9489.280590596361,10028.03676451043,10294.49935215872,10120.917353852405,10401.318510155244,10647.52419101189,10468.407284509247,10310.916619274558,11001.44297099313,10809.934258227235,10741.284910615672,11057.530048855791,11082.45000300746,11068.751946401058,10970.929675860018
14857.447739574694,15414.117005518896,15046.949760967353,15087.755930452122,15490.81661775798,15969.279560337227,15933.81572088469,15554.513083147096,16301.430255273059,15701.3397334466,15453.052375151317,16096.36212253843,16175.40524436526,16181.805002183228,15919.918411388067,16378.810143547405,15812.613002637083,15748.426473035568
10239.66889987858,10562.94141341647,10375.650393640208,10184.309726154264,10684.066707539105,11080.602033456857,10833.557038662602,10989.875846350204,11330.641878955339,10882.671725470022,10795.456172324844,11405.61003166513,11426.234566255183,11357.24701489244,11521.25014407375,11773.526347471938,11552.99167892548,11466.992695910712
16861.16376518678,17545.33616803825,17274.47074582042,17061.27932901904,17746.668221642347,18069.45121728417,17333.739627880714,17477.57805023573,18125.581847200592,17302.59695075018,17397.571267571897,18395.997602354604,18077.46461554066,18127.30678656129,17783.782121747416,17898.118897035904,17554.553774885364,17714.350198362794
12845.439214680311,12935.97174555533,13363.195938367166,12679.126585153603,13526.825648008762,13970.85123117999,13290.585354917286,13752.866740034122,13900.552269060732,13482.658366088686,13271.90554729863,14029.446840726941,13858.944537124778,14068.679525660325,14412.072738843803,13766.512280844547,13852.81959974625,13779.600351588157
13862.844882252533,13990.54217080115,13629.927158349306,13690.566533185047,14314.20094512066,15046.012975711039,14477.585175851755,14433.69637200597,14622.312514319921,13750.01752276627,13816.370814422324,14623.459617610246,14560.528688351162,14406.934222627287,14487.216449413187,14727.370065739637,14283.001704150105,14248.036494659198
15745.68582590291,16136.53618265958,15714.173209768078,15994.297904704083,16243.734445482765,16708.48467561743,16800.644253828337,16335.722346165712,16803.57272160195,16145.336553602843,16334.836666171814,16788.37863063615,16852.952398446356,17150.59605753887,16652.041881370318,16809.130371845164,16545.96645494146,16926.530908759865
7056.994177303648,6923.938352177935,6920.598404101579,6916.955524341392,6769.746562897497,7423.381635937859,7677.967885879753,7471.054555894874,7615.734865034534,7426.001370402611,7497.075994690962,7381.101139322718,7748.155171486622,8047.43496877585,7843.827487336275,7808.6875245786605,7656.775584447274,7787.821404120848
13676.712507360173,13431.373555225859,13248.473889183591,13604.532221596175,13549.41225611048,14105.40595781156,14448.723099597933,14077.579410190161,14516.32029287667,13876.918351969885,14128.487984112995,14323.228836989743,14364.911175123074,14932.67175131022,14589.532063629118,14731.168185434348,14171.28139697638,14429.829404000464
13664.558796519985,13856.76459296183,13900.590361503671,13921.598215533117,13956.676087640557,14259.316083732636,14863.112092920092,14355.402823669665,15049.995674307533,14757.11266731409,14652.186211643715,14907.950131948657,14964.364180980854,15506.839804580992,15092.277807612641,15536.956444212583,15192.64890664832,15321.05985337557
9918.007114676831,9875.552821572783,10050.04199373753,9954.379657512512,9816.372964624625,10640.638743503268,10704.125373798031,10516.62335181843,10968.776452359845,10672.122451458556,10720.145271112136,10724.605300254923,11046.746084986817,11231.915033302728,11114.446422143243,11306.735022405013,11156.985174609328,11278.297064660119
14600.55238722518,14183.081631855084,14357.516323195152,14589.029972842782,14097.273595716706,15004.76776268269,14792.79405503167,15091.396004126367,15277.65248921886,14656.678390456342,14905.299788705168,14928.027400333962,15225.405968768424,15519.939550979558,15662.114537682595,15487.613086005735,15207.307634603909,15650.994552963359
7456.805883492345,7881.568895611426,7947.190158351448,7618.233712496616,7631.316373626232,8231.350440459455,8194.904082283776,7877.999818731378,8552.332533855855,8005.74515951676,7962.601232387753,8070.595335106191,8267.799428077262,8592.69436084067,8254.85250798822,8641.258993046373,8291.752093410536,8426.032658125965
9839.92779946955,9697.066814360725,10508.029015271874,10297.275637909894,9984.073253186507,9776.684040724078,10321.376121525282,10403.259874357947,10242.603041366358,10875.184961324634,10456.156646831558,10270.921696909983,9857.058247824887,10227.86519159858,10541.065082494062,10147.453073076502,10724.436545685448,10591.256524273425
15328.600003098109,15317.035823883594,14867.328396129902,14508.457632638438,14314.922114609923,14573.09664465965,15025.471254976961,15581.625994500606,15931.627705145504,15452.906465274635,14881.255582694992,15061.803299965573,15029.73244836391,15070.060634189205,15684.025418865565,15955.51627979181,15235.471022079219,15116.562836543248
14067.725103723347,13898.824917656453,13912.375635361333,14077.435510953877,13550.487934345474,14073.269943123902,14304.795976322584,14413.392877463342,14743.790637847973,14582.860572043239,14298.836473416855,14176.184917698003,14176.122867471002,14304.223887378168,14470.56087864672,14547.053122493937,14495.486734498088,14637.10275948645
9416.071609602146,9493.880271060152,9338.994501465153,9680.194864643981,9220.28541385146,9654.069990070144,9607.575316698942,9723.965889145036,10038.30582293294,9632.136039664067,9922.621121739958,9665.500601323412,9783.573881000259,9735.19882978744,9785.047624796822,10035.402827172466,9800.564795174407,10247.454933581543
10244.436476425719,9511.334532740508,9629.815754462245,9662.783307309894,9075.915830143986,10032.91384491306,10099.877245559132,9993.098827671995,10189.864865705604,9817.010351793397,9551.008925097489,9351.550006816751,9788.298524914386,9731.592802842433,9734.174578364213,9864.437038227576,9464.236400737604,9589.483375832133
4348.583798556407,4792.315318818351,4609.584769082893,4363.164160820762,4548.4359209718405,4275.799753314104,4952.509910355456,4759.576779189329,5190.858201188732,4915.30168063529,4701.299153481575,4887.727514989649,4662.320327721758,5330.30519547338,5136.15767187462,5573.435839896011,5335.169949109155,5233.64335261448
11514.463273394264,11900.850298233574,11253.713885831068,10973.09137932141,11091.131485005597,11191.868740175545,11209.176584762157,11732.230117375617,12271.70503401056,11339.207370479515,11208.648511032236,11556.68309727589,11379.635981289142,11463.255207903821,11779.142427745803,11955.622039515933,11252.902131194274,11327.605499466743
7373.729044811222,7140.031313988387,7401.589358361574,7496.705519157089,7300.879261791248,7488.058184041272,7627.776888660471,7895.984066326109,7811.689908899163,7878.572322075472,7542.078369648202,7634.862653842533,7706.573324491925,7546.952564955871,8032.465252819029,7947.262398532567,7975.265347002807,7995.049740604905
12556.830934225993,12760.458791535351,13093.418100893958,12260.143930297461,12017.943726150188,13020.756356344966,13157.082872691191,12722.942875982286,12960.653897941716,13094.003845472631,12451.727595645501,12654.803607003867,12876.983913593258,13330.056029448708,12826.701323719715,12686.331411107365,12753.083891590552,12555.472347740273
7688.848651660883,8282.519778990209,8157.23501726008,8832.666044445714,8294.643215209102,8653.093930148238,8291.287109586821,7899.250073688606,8460.32562374574,8141.866729111719,8889.127535133213,8234.492042954682,8246.009872082448,8362.575929226625,8020.308381873949,8136.224082916465,8292.165074447765,8801.320929635942
5724.764100430493,4966.174378285832,5225.560045943355,5685.344169470971,5193.0101786534915,4833.875477997087,5389.151534196142,5748.591279959764,5120.625766573048,5159.894105814723,5486.313412745998,5286.43868515063,4957.200385450505,5351.82860298265,5737.026750074221,5053.5528216660205,5104.309583023667,5402.648277359996
7748.0873961687885,7906.8891414950185,8053.624829375175,8376.457997635476,7455.498795118492,7549.1843953993175,7330.928012795809,7717.072637566259,7974.030331154907,7802.676247608718,7977.520305839135,7349.283079624243,7595.635713841399,7269.8044460020055,7635.3803305673355,7687.32916589126,7639.550698664908,7730.264380369985
6397.424799239445,5723.822270951566,5888.282330730306,6528.863733301792,5614.334129356865,5714.009639821659,6553.354791519412,6381.68599197348,6005.8560833850215,6052.1003266505195,6262.28995075614,5745.082558856997,5958.884807060468,6366.845618156123,6455.949406034306,5877.374763574517,5903.428233865447,6369.861642273399
5692.487485358359,6134.487830030818,7010.064997979134,6130.975946933933,6327.070285540467,6408.16406569782,6231.173788303689,6018.135469423716,6749.937860712432,7354.60878367487,6630.80352873833,6897.491473380671,6752.90765266076,6839.923844062701,6359.621615065589,6719.38437114326,7578.175221035806,7062.598943766585
5490.9019004039465,6159.7314863273605,6132.363156605747,6159.799483628764,6404.967329767349,6472.764800697428,5956.578579839801,5924.765800239267,6489.715773629941,6501.255353209273,6549.0555444061065,6508.205879548793,6333.576098015147,6247.6096733626855,5942.783184140689,6546.024795375629,6851.028308756191,6597.3469129324085
5738.5899932764605,6253.844284330373,7046.941481857398,6131.421485696247,6833.048344014178,6816.419789288372,6310.416592194873,6230.181759886369,6907.456312290682,7397.192625371685,6388.468087638296,7228.259368791453,6778.993781232674,6734.948823371275,6459.885489001891,6928.764055780443,7733.310915288073,6678.751684129141
6367.683434710876,5926.12269895832,6792.514701379795,6854.236126219893,6692.879993320666,7109.002920398917,6792.878227262724,6784.518742642679,6554.486491964814,7019.975938794858,6917.605952792561,6980.502025487594,7000.509518507652,6832.51347314231,7110.502294576349,6799.876491035408,7142.1677156086025,7197.204081036549
6397.044971647831,6043.7437123447635,7238.949612970473,6728.263083684634,6805.887400634947,7550.475258095055,6429.622192200246,6732.608454123414,6835.008047157707,7560.851197869542,6968.486612118891,7235.175989550018,7524.788793773575,6825.140556132296,7287.854066251704,6775.815764935239,7627.963760328144,7208.863695141329
7068.015779984311,7407.4020193308015,7989.912689239618,7443.679592995465,7921.07104880964,8178.951069639498,7612.038491298091,7823.48997566012,8082.409826675685,8048.753002089612,8153.653565720552,8495.257012710346,8110.578855436838,7838.59829938148,7866.449231519002,8242.909499313431,8545.29449769159,8487.225002389305
3886.389558259899,3849.0162327257594,4548.22845914162,4399.434953079774,4815.318798928787,4500.121394990372,4379.021498260328,4308.156480919508,4452.416055591163,4833.295526252608,4799.303771998879,5376.933215045503,4819.808305640492,4759.032002746821,4912.914244602822,5050.318303438964,5163.7401693801385,5180.537040401571
8309.980584635556,8296.748155273619,8309.634748028464,8291.613482459017,8836.36096917856,8361.13729055981,8514.258563537718,8958.006536726505,9025.996123868574,8560.872575294465,8951.448119131388,9270.714340788869,8638.785025069403,8981.491903593727,9335.720489213769,9205.446602306181,8887.857734667457,9323.78146427935
9174.276464249917,9221.711807281594,9090.24823284239,9006.490535273168,9097.941475160624,9079.00371549929,9987.715482960399,9925.85030125007,10126.224425959907,9819.10696753851,9566.231638494633,9659.672357364427,9645.466762476048,10172.026081935142,10294.03233548297,10422.63027101055,10273.266565087819,10348.237382650168
7339.088559792699,7300.529785923711,7670.399470650578,7712.049432018939,7643.112770012134,7617.596407961981,7966.055321101212,7888.123114519389,8074.556352380124,8250.935598855423,8118.12502905881,8234.729295658097,8072.238468639729,8264.668652251019,8361.988258874439,8486.605789164167,8692.51089649315,8704.993241296721
12749.441005937575,12803.268011861204,12786.832913404869,13190.4987828275,12676.659934220457,12886.476197184456,13405.697775103825,13308.105168226379,13720.425088020445,13410.039816703818,13478.247798048855,13289.995775582793,13196.290109331207,13565.421127595753,13544.303801488099,13774.158153179013,13466.42062783865,13861.900988344518
15658.21227043166,15685.043819491792,15798.00085188355,15937.351007659254,15285.372906458242,15700.840740025858,15522.081975991896,15847.715777062524,16365.489861974582,16005.334901559512,15806.854568510586,15713.441420443236,15475.939136995425,15327.177851602251,15801.865995423865,16015.659204658445,15812.804306924918,15997.060764355974
14635.626313543067,14545.910323000746,14731.18853564313,14581.634687221085,14336.534957844777,14678.154698634484,14527.428278157688,14747.067982362314,15191.833081946965,14954.67747380073,14509.657562492612,14720.99619797642,14614.137831334509,14337.904193440838,14747.649242109746,14820.265638561752,14691.995139970688,14535.040086292707
7901.41990024725,8179.542688349214,8086.351367603106,8215.034198946978,8034.273202497825,8122.211741163409,8361.998456787154,8301.864280656944,8836.47534084558,8464.5341018587,8423.06379093794,8530.190066392668,8392.879130999525,8502.162119380364,8604.905625864083,8912.846007422353,8640.028034980554,8784.741753731712
9257.814309564064,9469.187630529512,9614.277551623061,9492.465070892333,9107.263297473415,9352.782552400586,9564.635582323503,9392.600772917769,10276.418201795299,9943.937056833343,9777.992309284782,9876.351974515193,9610.467447993335,9695.403210929027,9791.155888468067,10196.905355273688,9810.905801349902,10170.118658352467
5510.05830247282,5519.612174103711,5949.6727630115,5886.112411483402,5761.19931128007,5651.89905409562,6098.545416869761,5982.070511363603,6164.8339619572,6412.2657642367685,6098.355765392123,6147.266642025839,5937.669272922933,6302.180259650927,6330.680487460357,6412.17360075231,6655.549765749771,6600.223978362872
7111.7249932804225,6640.398226624789,7036.984469907535,7106.54898189481,6865.946332276927,7060.131083368376,7126.290359680221,7486.858393035707,7397.318883100736,7326.439390836467,7302.276934396496,7345.930787200832,7101.514995272866,7434.950707582197,8000.016232703529,7613.708912599583,7697.6148055920785,7743.196518665011
4508.711762001786,4312.870971757247,4928.245495969622,4789.571237672995,4906.541386018098,5025.7067552729895,4887.044539447377,4985.080170755224,5118.515294361876,5250.379371405354,4953.455559830761,5297.986492560212,5184.823586134528,5146.7870829969615,5520.256145922073,5492.407364763754,5713.379580335621,5609.508479685193
6087.47184712889,6132.866500436245,6277.873198822433,6256.711049037594,6156.828484355685,6302.484675866419,6469.265760851208,6637.819880632278,6616.683145975039,6556.310769270469,6322.257211075179,6555.8865764245775,6377.118564292697,6720.761648795091,6879.193967734414,6901.524480034337,7238.420825644816,6991.880089601339
5011.4352896707915,5287.119304374679,5364.368348740849,5287.888400615354,5418.165466565999,5943.643257613116,6116.486325434575,5535.718440813334,6195.165916961511,5838.828151968884,5544.345540495102,5793.203178604738,5870.312703903755,6258.676481118358,5917.117767413305,6450.726139426413,6397.160383572298,6433.230007894239
4831.926207657541,4642.586606589422,4678.818891231609,5363.041441501794,4624.784630525159,4976.5168260398,5170.495399438315,5191.69612278724,5561.308699919488,5198.052541359525,5734.009134681182,5434.765494352183,5064.547496950114,5345.051996420009,5506.288162241111,5681.456298306655,5528.99820232619,6278.49142236778
4603.392304059977,4477.2317003654025,5549.763572109681,4775.901165434092,4999.721029593698,5026.276464972046,5060.477295244609,5035.254075922964,5284.143018819397,5855.327257798825,5289.4761307207855,5681.5179621625975,5240.8064633678405,5656.572386596878,5485.75617978734,5569.253853951233,6382.666687935445,6071.173449108697
5444.2691905362935,5414.886196407778,5613.230862058054,5367.157603376594,5386.500809306754,5400.407773795258,5709.141101120877,5907.826127878961,6325.1950572026235,5801.14652368781,5894.152459878214,6128.963752277138,5588.536771659554,6082.863333614416,6145.1825952537465,6435.079994177279,6185.0850996939225,6532.161613314893
5370.559649249841,5508.408733559143,6080.895501438434,5448.00878091065,5644.13294224021,6031.925369717428,6025.520654430687,5935.778866633094,6712.437525691421,6647.018094313502,6127.018849958707,6435.9559651454765,6075.292656964843,6283.319409161775,6292.2233985925395,6918.1197803547875,7215.08505912663,6657.225103187276
6001.6200368950695,6866.920962170422,6652.0803501385535,7239.1868465623265,6522.5167354336845,7744.5820432517985,7692.244739918804,6599.79000036559,7462.865807872846,7101.718302763796,7514.125770048693,7053.249709651975,7858.015572100296,7719.809385314153,7117.304198955227,8073.6555245342515,7795.370953444646,8488.50376018885
7360.938684822834,7960.106662257824,8399.909107542131,7446.884997281354,8579.637157165344,7556.528596598884,7989.504997937707,7485.876939910706,7030.632537148469,7690.4164521422945,6348.228606939538,7113.6084603077015,7411.05743666399,7418.094645259248,6701.463761406928,6995.052741920797,8066.845479393898,6483.6670116403075
5563.168905057268,5595.564038031905,5119.499246920038,5072.3440081956305,5101.674098001633,5293.616519241414,5328.334167481478,5699.572148917756,5869.57925118757,5404.497603606378,5368.232470241042,5558.503169792162,5550.189296093684,5686.666477154735,6070.133447423637,6348.055235735934,5863.551498898396,5858.535362834724
8320.479736718862,8607.635049137303,8559.625324242388,8084.553238959287,8962.273372984517,8594.458068513564,9192.869653348815,8804.725056426854,8748.91906825685,8742.76380690132,8506.645442073497,8823.980351723978,8197.404290790862,9094.709989820281,8866.41494618295,9195.455389177838,8663.169266434325,8598.65356321372
7582.120885488062,7488.77918212288,8261.583074091446,8254.2449536749,9396.675273288405,7586.009464750998,8547.366791340934,7433.390269523574,6733.150758157488,7939.735849108994,7194.9997692871875,8156.582600390935,7025.561139900822,7774.933770723269,6920.9469951350075,7065.589178467933,8066.169235608673,7109.059470838489
6244.728836652206,7005.316760144112,7539.915607052594,7863.222255848614,7295.863733048947,6844.402727962051,6575.932111529026,6799.050333616191,7305.701621524609,7650.445091571446,8269.542116212528,7693.749990229351,7251.4808587952375,7348.240320985915,7793.889910284277,8102.6020341360445,8230.237459631782,8734.457225276139
6860.215096261949,6577.3606526444255,6717.144481961366,6853.980131019831,6733.342472218599,6665.722884979985,7333.74843665552,6887.47155361403,6786.049592598686,6985.174914294581,6827.121061601572,6886.381463955899,6847.414225578785,7427.120561575772,7145.085406385813,7035.8751405138155,7137.519822952554,7061.909634757662
6455.2745485044225,5220.469541376973,3767.8340405523086,4147.353216891072,4458.369744128511,5214.452836737626,5280.478280363986,5785.813033477736,5967.272726964819,4605.085531870294,4676.888489295912,5656.454782665155,6146.058230956402,5694.796853892494,6179.522356840921,6123.297601873706,4632.306044195586,4977.094946392102
10422.573639756549,10582.616052750662,9481.710415626969,10127.60724986181,10879.243680248122,10757.869321871112,10277.904749668016,10391.415304013,10714.037672703027,9694.353313292935,10400.628635638252,11171.01360233381,10789.939765517192,10527.282301033827,10554.834270205138,10741.67530874543,9738.765896939622,10215.800767544815
9519.83808918528,9570.038010149554,9744.672710471496,9404.40823162772,10035.109268409953,9644.338859324122,9233.337909188334,9505.145675117503,9084.858603423065,9597.878423500804,9544.60549415255,9646.492760657264,9997.60236484533,9750.13223966129,9930.781858400345,9545.744693703924,9932.456294290045,9372.083644567585
8796.644349110727,9437.892315248706,10860.567226677578,9974.87893534326,10690.071722477653,8253.847427235414,8738.045598918534,9238.85487266732,8863.648995323567,10223.122343016554,10540.881147812615,11411.90144186186,8683.04587759411,9198.645443804224,9708.147893526537,9738.714660176962,11097.516747200552,10818.397963763848
9817.93752562955,9662.307285086896,9652.660681308791,10210.300386886072,9875.136616402804,9624.03964015688,10209.964310733074,10280.302956072675,9827.668672833699,10065.151436217886,10639.682076647066,10277.405771517686,10005.864748133325,10755.100447056266,10842.058594749557,10434.151208666219,10500.7857622903,10781.093646792964
10592.639210476176,10523.97782459177,10520.370321683633,10694.193418757917,10525.890784064597,11034.84645851705,10164.281581318195,10751.400618699761,10733.657088838985,10801.57159516803,10916.438183939408,11002.606083239669,11057.513640060244,10239.79568574137,10694.439322373804,10737.047453192416,10871.601002677733,10761.416448350561
10104.276195731327,10289.3440931861,10046.972870211714,9919.88715798899,10107.07598651732,9511.523310117991,9867.161165456797,10066.745467074525,10490.898493398969,10070.732380345813,10123.092143055856,10459.372990817868,9805.159095552495,10096.956954721198,10183.817965563365,10592.044466138013,10053.7466331917,10125.937991121951
6136.863136500468,6655.801650542425,6787.545363740323,6384.90589809903,6874.658511737118,6724.093059187771,6639.5938558522275,6745.380501416789,6991.598428106143,7043.117470962381,7079.620260596275,7346.5110140374345,6879.28967318785,7320.973827553842,7348.081301419124,7504.744642317646,7608.928946729008,7446.572005014481
6285.062428354364,5882.003123000288,6440.602980674921,6180.207651287954,6242.770490912126,6008.012151359449,6352.059568216133,6791.6553013653565,6035.1488898371235,6809.190168308041,6301.985456013019,6370.424539322523,6280.870211912678,6619.741397909678,7072.094751040518,6410.932330209634,7304.017073695355,6681.3151019700545
10567.343889146776,11026.758758622389,10547.257193636378,11491.152531183394,10442.942834804362,11007.01159140455,10759.439593225088,11081.109485045532,11489.603855430085,10962.70436742757,11585.72152153751,10766.939707240697,11013.185615115392,10939.68485744352,11623.436078548017,11938.396359203132,11497.69818628808,12039.889443438518
5334.112557941584,5153.335036228536,5963.477163773454,5750.589633646883,5608.8961302032185,5284.6166817876565,5903.808884864712,5202.918368227964,5571.737078765827,6572.18194686459,5575.838441864707,5749.7468231027715,5888.654670628432,5658.787806293369,5630.572177656861,6136.766385681645,6215.282809791116,5710.91516193401
8834.590769557219,8798.863740462857,8231.980875044454,6593.527900422638,9600.32443271439,9057.219830406892,8537.839468230064,9224.421448510018,8672.23372556751,8788.133583191062,7307.453295451687,9498.247720391115,8489.82282453065,8464.97360201733,8827.065697106886,8212.154133020365,9313.915396764141,7628.034867465509
8891.061693086138,8290.113765396378,8427.28563063948,9367.43832436975,8770.094672608835,7926.369815175483,8834.329685082223,8883.936305158519,8423.229508108347,8431.05794812096,9249.090741138316,8655.367443334144,7514.645730462023,8993.412131085028,9161.002032017706,9282.037309833046,9245.706797669991,9604.589253751114
8137.394559029979,9228.164903144232,9083.109475440786,7956.296181887437,10690.523271788868,9286.383110130691,8994.901398353155,9020.293843025322,9106.468959182284,8626.750711178067,8221.487702791006,9881.320996070215,8663.436976539764,9185.558929317642,9525.14745396238,9178.771680086276,9315.84245122725,8632.441876397992
6621.464698014305,5500.665076951547,6261.893290060402,6125.9391484635025,5689.140449847405,7315.482965867994,7085.517470299946,6368.568201678644,6667.3954041793795,6677.74961826654,6162.231450302423,6278.750003410798,7309.73481820387,6717.007124333614,7001.830563509826,7393.043642426319,6936.221139073234,6902.168045011944
11023.326284944924,12492.560410047132,12881.844839079247,13609.182260322294,13272.105131250975,14522.049361883724,12608.485870115306,11690.120610957987,12270.325989801762,12836.998593920707,14078.435710943162,12798.987070542476,13124.824130250468,12157.259201249148,11536.505814889762,12031.203266315151,13248.650855075291,13620.197397770375
6471.356900591543,5721.325751463002,6758.358645404724,6395.371209082217,7180.424284029996,6772.253762357386,6324.080234242851,6655.137599519814,6176.074949547139,6914.089142843474,6457.206948278125,7090.338173689368,6611.833034012959,6667.270413634182,7142.198142777817,6801.320561082241,7535.891948428579,7013.704622473573
4984.7300484005045,6167.033936886939,5202.373963551627,4861.1356056947825,5215.203220062496,5608.370571781468,4992.6323033182925,5036.073685614137,6274.300739626831,5345.386058976976,4842.8539791466355,5400.962381870504,5470.8516584534245,4948.08745097761,5002.642845121595,6045.26215027963,5348.239921984497,4844.871998378427
6474.53707016489,6048.4539232232755,6116.749921460491,5651.4822668128345,5285.553168284474,5291.324417810031,7293.567738533734,5946.227826542158,6500.180327941438,6789.406806102178,5275.901025488365,5573.177476301304,5898.497148074303,6276.567276715172,5745.237896135835,6737.614582514705,6389.03712224696,5746.336473372101
4946.59541820081,4266.112499475599,5157.337924779602,4041.5200124261537,4436.084288954704,5326.571061239822,5706.784873546396,5092.95134022441,4697.123472232951,5559.624307265023,4697.887606261772,4704.824260750963,5138.030106617978,5814.509828060492,4994.222330537044,4534.8769091756085,5466.313635994192,5245.763796623248
6466.618287749334,9136.198969152016,8107.430224410109,8263.503563316002,9386.419913077254,7615.570659258723,6763.438510429021,7102.1694442075495,8780.13482614528,8177.153766263094,8547.322560376258,9588.703928619498,8552.263456008437,7439.293243828172,7625.998145872169,8895.834902519682,8461.938115478719,8612.735833204815
5524.443666440577,5138.021628141059,6585.325779599472,5792.1371530412,5313.282634294795,5691.907332719098,6005.271314072528,6275.212440011215,5786.181888870005,6582.245701618671,6688.8410268429925,6114.216817480294,6145.155032676148,6527.412742828985,6551.350763321679,6132.822446721875,7198.427851686325,7447.439636226117
7823.65721346383,8992.463835124761,8652.715797218436,7168.448153707308,10379.441544801317,8993.48872820786,6754.895698064969,8741.812584504723,8855.942178382018,7697.073250122682,7366.488690384662,9033.442232008982,7766.655487948095,7622.4787575351675,9030.137824916132,8109.897226353264,8072.818603048167,7045.175701443641
11693.11423149069,12023.92311745621,11077.524491557375,12044.372779207282,12528.058626201973,13071.567074399314,11201.292001209044,12125.661558765602,12708.959025466746,12052.60481196638,13032.53459300823,13681.596789672018,13774.932829286738,11819.555066644676,12483.427672549738,12250.391812583412,11988.468657486308,12554.415827975987
14127.394410272302,14291.378662807443,14744.126472389244,15237.581303301908,15140.455423847012,17110.405772647908,15303.779640491526,14427.529683355635,15870.574423317961,14971.02477696753,15338.126821114638,16239.554076077497,17217.342066156292,15200.661170257343,15503.10933779935,15711.825513049516,15862.684197089166,15785.372313611697
5658.8760433146945,6412.025914675473,6463.873469150056,6165.714462185151,7334.433599077167,7999.630509920455,7361.304694750133,6699.90370462674,7846.202210135758,6961.01919036621,6595.660885580607,7547.250022769966,7992.694902537154,7093.638600162369,7208.006648357091,8358.971658602599,8417.092397617753,7591.282128703222
6986.959865264645,5052.711059685381,6582.453708654184,6822.728359908826,6134.586529956499,6499.853839402702,6004.276581109463,6848.0552510740745,5914.889179662566,6605.884974314022,6372.580600299292,6470.141922240051,6890.545956505637,6204.115658607558,7188.968361887051,5941.305584137914,6717.287351403055,6765.162508074453
7376.776141535096,6683.605077937689,5282.247230091173,6928.389574231231,7914.844727669042,6975.441330307507,6236.3930709597935,6485.098584165824,5984.07736062951,5231.23888568028,5981.6309633452,6500.63482478751,6352.140403309846,5644.793830001003,5523.818456805844,5732.291824827276,4448.231707302562,4960.594756596334
11230.734336549242,12889.966302311132,12939.392737019523,13838.56434582314,12141.250554574193,12727.64289981032,14519.913909282557,11534.169488874144,12713.547504477861,13966.041909067193,13572.913135780398,11081.061103123964,11592.535771860948,12671.638976116436,10528.201777151833,10767.170766264917,12860.7351159094,12174.834387814617
7343.675310032183,6756.97309012807,5596.702371743223,6568.23580886526,6017.054895652205,6428.6298601520375,5794.3476603378285,7587.694975130777,6906.016373464614,6238.311008899393,6912.049675078102,6482.347144442604,7129.435731866209,6624.653722751745,8052.383974649748,7331.047082105989,6757.994533880632,7311.012296944062
9311.741338562342,8873.761570093116,10002.517985554252,10065.879765580034,12353.185012012918,9662.418591718757,10006.468204321645,10244.235258228628,9363.438845582878,10407.77300656719,10882.919983269505,12154.675763667,9769.854579104516,10589.929469545648,10939.910265502189,9844.96162438394,10834.18700908521,10565.26210116375
7095.240259222974,7070.441678298265,8065.236050495936,8339.982199457962,7058.208709158456,8050.811389578479,6994.2604699965805,7078.405662877169,7396.684312941608,7501.017943042756,7694.086412043368,6968.634575066817,7609.3817471880775,6684.372890793758,7565.254578630388,7497.401834213811,7451.078858326237,7682.630651430769
8999.88583909184,8840.207167392893,10114.469385631863,9257.284737598999,8773.803668855295,9700.683831045015,8909.714674992014,8968.467563928081,9055.182126456511,9631.323934688196,8998.364050188142,8904.496080917183,9084.995806840734,8631.749672183754,8979.187606049207,9005.102854539855,9698.00588603285,9095.399905994702
7192.822487600138,6880.701310619192,7870.122922218289,7777.454018137335,7995.265373720529,8463.827758775884,7089.224157421448,6861.350253047324,7138.629267060613,7497.138183146016,7479.51322904026,8013.562997155324,7623.169233660606,6742.103195635715,7064.390639130225,7147.136604829961,7409.571562271154,7408.9966394767225
9771.05993991771,8797.939192092228,8834.000028161608,8917.817327909277,8711.862814820714,8700.502339140286,9143.44721743053,9086.073979545607,8868.774975747208,8775.744876332346,8884.612623881636,8946.955847841855,8607.667478823416,8798.251458343524,8827.979136276808,8242.474609159675,8309.483350888575,8499.972927093662
10438.56878700303,9197.223359861779,8397.036014167938,8123.516052785695,8842.43996295464,9712.100007475825,10413.495890469567,11291.443258797182,9658.116412199506,9293.102703348937,8844.582925270563,8847.932129995319,9778.16068814391,11009.719588387026,11037.823611474785,10018.62310200241,10222.462286209373,10071.185863384311
11118.532996720623,10119.760349788485,10108.967127540283,10564.848928489424,10094.235770422476,10338.41275960392,9957.16756761772,10747.796322859866,10354.073740016876,9930.081705913071,10288.184758749558,10089.823237728431,9740.856915741884,9466.798165034834,10197.572552006133,9484.249202384532,9228.440197891781,9725.214485520672
10127.340274515791,8449.191128722032,7902.040206625175,8478.688712740975,8329.003557491964,8408.96070761573,8389.599863430918,10345.83694133485,8190.588370608581,8371.559335117134,8933.820608683038,8322.905024560536,8567.850969708441,8783.317389604126,10398.306738516958,8279.803346907212,8223.447820980877,8653.330494063319
6374.453353725101,6191.291351755845,6254.839156634504,6374.912738130995,6566.665764820602,6856.097907044111,6362.704079658675,6786.2917193757185,6640.069029984854,6377.7288832057775,6632.7502626673395,6690.279480637269,6738.77063731431,6487.688796333274,6898.262448022523,6635.289309156104,6587.966461377971,6806.567122979882
7976.35511852029,6662.3141001653,7141.018071302691,7002.846363432159,6543.735135311055,6991.2515041701945,7735.075254612777,7965.94299603189,7155.701122020715,7834.177623919902,7217.264723654538,7287.928372475748,7664.752749243416,8230.227293210495,8458.668188270185,7551.903538175246,8062.024439746516,7605.2613354962905
7808.297024360948,7317.911199792239,7586.983183636656,7798.615945738771,7414.205131763825,7727.649294093419,7711.420475680976,7844.373889513342,8051.658144969724,7864.936051491348,7954.540929236873,7937.05193671342,7698.098038204922,7723.970460672104,7988.851646448311,7910.851090528117,7880.227893122811,8241.724122894473
7624.912842621148,6515.939955036776,6901.768378535371,6993.559499245102,7083.60557820937,6724.60627748713,6926.4585236272105,7932.058707714692,6787.292467375172,7056.1140333699705,7425.316420801168,8108.681781883226,7200.081883163017,7614.861968866312,8382.556796405133,7067.757905700363,7596.32795893559,7464.985113001892
7740.40711444335,7726.507180600545,6478.461234301116,7205.019953223937,6755.331856581446,6744.829507133381,7133.247664446133,7724.644891550628,7627.427158995235,6775.912177061236,7589.382870848831,6838.179191484699,6653.598730045391,6863.277317684431,7363.834264381549,7412.573487548232,6694.250535052552,7247.02083522694
9469.441712756246,9352.134784587939,9151.817477969927,10110.320687637799,8948.409499068193,8561.01288664427,9362.962445250652,9235.23067876651,9041.096230429164,9190.004010862387,9773.129157088773,8444.345828120548,8422.200590981967,8829.785665312196,8934.102316580418,9406.907243184336,8960.037883727022,9480.846976773248
5815.256832931473,5644.60855300894,6073.047136489883,6072.6901120302955,6502.8045105720985,5930.056989018656,6569.697057600586,6009.721217013639,5652.074115597754,5909.455926383211,6081.154689304336,6867.56422583583,6199.830435707595,6596.526649817601,6045.179204948305,5940.090030144009,6386.778555114174,6448.4591353970045
10249.061653594537,9561.799609162767,10181.431049010353,10452.638579286137,9095.697445058298,9179.267280938664,8636.616740779213,9508.677933137005,9043.871865169242,9817.68068262435,9315.578664573139,8719.521121068796,8941.27630613001,8251.864338154184,8726.93576039595,7916.8096164352055,8899.795938055237,7991.2109063495345
9673.818362895836,9810.85967968799,8985.397206045032,9482.98179575484,9467.854018087328,9816.547983096858,10268.230478345129,9927.759920956489,10850.073963798732,9707.224282718098,10523.41379203889,10735.329738336253,10102.718059793064,10502.42882999138,10557.611670427352,10853.310564460739,10278.714087150169,11414.34620428189
6870.282990143067,5720.899206832122,5744.242279413238,4812.345120274182,6196.154415477926,4902.793958725768,4590.995201389913,6544.061661472335,5258.502852678481,5989.146170353188,5394.775097826442,6952.07288251866,5563.733909286918,5103.261344524269,6699.42462474505,5329.863423186672,5555.684677347468,4747.270334263635
6480.494391349381,5350.350890933041,5910.023694866775,6268.443928202361,5762.622784382849,6910.685829974761,6239.654296883926,7203.714749014502,6438.69354051482,6444.324830531394,6814.10667947593,6331.507223919253,6877.869415121566,6369.1245320680355,7825.574616434293,6786.8232162639715,7109.91481503224,7546.241014148691
7143.787436477793,7305.608692268501,8040.187742526301,8191.579986116209,7915.601233379759,7849.414730886232,7964.279158061932,8020.668189282959,8330.869707393806,8463.449676479891,8707.39150426379,8479.428743538545,8060.85463707894,8524.532276026624,8723.522049067895,8766.259422886797,9031.544305651965,9213.97609785695
7375.850192838603,7314.671890434496,7126.844591338529,7763.146013995388,7744.611419492338,7801.961406999752,6958.9214732994915,8065.319244404213,7631.447289948843,7738.823380417798,8315.434251851995,7996.378953851234,8304.518583666804,7637.172551672601,8508.87255176371,8080.475401363747,8255.744192035763,8584.547009785398
12823.626558592545,12023.597268351165,12970.827638230914,12295.796224715647,13187.640673192232,13209.51936375618,12854.176207631805,13458.667302394999,12638.960812020208,13451.57933729863,12969.97289450242,13141.064270004084,13061.743048971886,12785.11140624392,13530.404103682638,12524.669771440422,13514.27803454174,13017.793841118768
10696.599759229332,10189.867880252768,12459.119549227897,10794.140660487361,12305.36721741089,13813.608503076197,10548.134357042945,11654.137846924918,11420.724135958077,13413.486835264495,11782.423353418177,13139.44179418663,14405.918590195746,11201.121743192194,12644.827727069496,12007.436585979203,14181.57158047986,12370.964377837407
11488.33886588057,9794.581155996522,10429.407376421044,12236.332803512743,10241.978279019946,11254.07910418868,12854.017357019322,11619.501488285972,10291.341154885115,11594.578941362128,12288.58321604088,10543.720743859885,11723.492513118426,13164.59671542997,11831.2808455146,10960.608167455901,11924.723097636364,12624.722754973547
6666.393583889152,7526.570920607977,9151.186632044582,9082.34920023302,8886.367961243051,8472.39346503236,7189.000120780922,7604.236626966496,7810.778742576616,9004.490200743814,9096.586117541465,8081.549569003801,8370.716915184103,7652.482159732346,8008.812307085835,7928.00101683896,9289.767474846147,8904.605542488842
8641.05415301398,7594.658369624181,8156.456380454311,7736.645740770608,8111.386671578957,7801.610529234646,8654.119449296424,9430.847564019667,8329.687479844084,8337.793261927302,8066.086919961659,8236.685064959918,7987.997257963747,8867.989938916424,10258.215418064008,8999.71534912675,9199.171640665993,8750.382062273919
14389.854542626912,14306.667550412269,14310.228869280174,14623.686831102368,14250.637247164883,14570.603055536649,14340.112602434529,14536.459055388113,15326.999910295566,15053.892210275852,15081.294157360793,15078.925789676725,14629.37513325423,14514.85140966703,14856.061775027854,15231.44748196124,14912.970831569171,15243.410750875091
17874.678022785345,18041.286561610996,17284.346510717132,17876.322808661702,17551.82026319485,17812.077752174722,17681.714413389884,17974.03811262448,18191.364932626428,17499.500340986044,17870.406430619732,17640.96698263572,17951.86316267459,17435.475699513634,18108.399813670512,18449.59864563896,17947.82574852435,17821.905141724055
8464.980025584144,11078.2860365004,10590.463144861102,12021.675402694309,9658.395642252206,9529.99430201871,9015.045302503138,8358.936423062469,11539.829080699914,10581.504226231518,11351.765065952672,9134.429321012014,9468.794320948175,9096.30146253917,8481.260300064767,10916.059581016514,9572.65633715943,10671.119214684617
5234.839443829596,5684.836953286823,5346.414081354069,6384.910310432423,5523.978201614949,5514.098702227134,5854.656810319446,5373.862324147323,6131.923226861878,5707.206918263861,6426.996649040959,5800.1470707293765,5939.0522874194685,5785.240687474483,5600.82518853952,6313.640721579625,5798.617984439221,6651.217188911583
5147.4770464502135,5948.309768599446,5464.52115295031,6992.713115692315,6557.884613630338,5925.23658671522,6214.32492308909,6040.364984471666,6183.813826108213,5658.037839619098,7019.0702781911095,6232.839478731175,5956.862139218964,6321.905261563277,6346.486124702045,6767.741611515342,6321.35409794889,7480.208009267213
4439.106658303865,4924.153421197734,4964.539287277075,5359.112374468323,4845.265139179416,4890.02274355718,5047.086347809394,4829.608554643043,5023.0735539927055,5303.655543959764,5433.097807890849,4871.00847514416,5287.866571963819,5245.099902953356,5120.0215349150985,5488.2629348392675,5499.182559554745,5680.6146765231415
8005.769282568019,8233.988566245049,8371.8287462821,9698.095429969186,8061.8801570786145,7699.643092794707,8826.959397306478,8058.820153577685,8615.219275858899,8319.04585979315,9203.873489096895,8082.855515183244,7810.5695489417485,9119.302508429215,8793.991053385958,8907.291237624822,8373.070834884073,9538.027171671758
3667.630849505788,3663.219833246695,3047.1327217971393,3605.254105312402,4610.026239863251,4430.056361978039,4306.896996334333,3967.0354611801286,3829.7242005367925,3521.079126782228,3709.918393906779,4418.951092157419,4375.644550126441,4244.887551292383,3863.440553931934,3951.3308714225514,3853.512417068234,3939.836280278415
5667.770938146314,5888.646084565509,5883.819054998623,6835.731552307575,6594.594361697026,6298.8511174488885,4983.756649166605,5416.215581444601,5603.879418430229,5049.125725519122,5928.582151612629,6256.915150884684,6086.867923436943,4919.016605502973,5718.351858430958,5748.4188197233525,4870.450870138631,5706.9201103105315
