3450,3100,5350,3200,4000,5000,4300,5050,4450,6950,3850,2300,3600,3450,3800,4400,5100,3850,4650,4050,4500,6350,6300,4500,7200,3050,3000,4000,2550,3100,4450,7450,4950,4800,3250,4450,4000,5050,3450,2550,3550,2650,5750,3100,5850,2800,3200,3000,3900,1700,3400,2800,2400,1850,1850,2900,1300,4000,3300,2950,1950,3750,3000,2200,2900,3900,3350,1500,3050
6450,6400,6950,6050,6950,5650,11200,7700,3950,9700,5150,3550,6850,5200,5550,7000,4300,5900,5000,5800,5850,5300,4900,6000,6100,4250,4800,3400,4700,4100,5650,7650,4900,4500,4600,4700,4400,4750,5550,3800,6000,4550,5900,4550,4700,3950,3100,2900,3200,3150,3100,4250,2750,3950,4300,4350,2450,3450,4450,3650,2350,1900,3000,3200,4450,5350,4050,3000,4150
8900,7300,11500,10100,7900,8900,13200,8900,4900,8700,6000,9800,8100,4600,9800,10400,10600,7400,7500,5500,6600,9500,9900,3700,6400,4300,4700,7400,4100,8400,6400,11200,9400,9400,4900,7500,5100,4500,2400,6600,5100,3000,5800,3800,5300,4600,2800,4700,3100,2700,3400,5800,6000,6700,4200,4400,4800,3600,3200,2100,3000,2400,3400,2600,6000,5100,4100,2900,2900
6900,7300,8100,7000,4800,7900,10100,8200,2000,12200,2500,5000,4700,5800,3900,8400,9200,7000,10100,10800,15400,7400,8400,10000,6500,3900,2800,9900,2900,6300,4500,6400,4400,6000,6900,6500,2600,2000,5900,5000,600,3800,5400,1700,3800,1900,1100,1700,2600,1600,2100,4700,5000,5700,2000,2200,3000,2300,1700,1700,1400,1400,3600,1900,3700,2600,4100,4300,5900
5190,4805,4935,3675,3805,5260,6735,5435,3090,4750,3110,3135,4985,3665,3535,4195,3960,3150,3330,4265,4240,4255,3685,3525,4000,3050,3800,3035,3095,2820,2760,4435,3665,4140,2890,3295,2660,2950,2770,3365,3090,3275,3370,2685,2760,3030,2410,2570,2675,3100,3025,2805,3770,2570,1890,2840,2330,3040,2205,3315,4295,2185,3065,2915,3065,3600,3620,2120,2150
10500,4800,6750,4600,5750,2350,10250,7750,2000,7250,4300,5650,5750,6050,900,3750,3350,2300,3250,3000,5500,7650,3400,1500,6850,4000,4750,5250,3250,1550,1000,2750,7750,5000,700,2450,1800,3850,4050,2550,3100,1300,4950,1800,2050,1250,2100,2850,1500,3500,2400,2350,2850,850,1900,4300,3600,3100,650,1250,1450,1300,1500,900,2500,2350,850,1150,2050
4770,4044,2960,3358,4414,4168,5384,3988,2730,4146,3090,3444,4186,3998,3530,4466,4360,3132,3930,4368,4896,3700,3470,4042,3828,3222,4480,2508,2466,3018,3032,3766,2532,3602,2864,3154,2504,2948,3732,3122,2688,2978,4324,2836,3248,2766,2640,2512,2672,3158,4536,3090,3468,2870,2824,3594,3348,3592,2770,3570,4020,3368,3954,3404,3984,3910,3784,3682,3454
4250,4500,3900,3550,6700,6850,5250,3650,2900,4750,4700,3200,5900,3250,5550,4850,2700,4400,5000,2850,5450,8050,4700,10700,5900,2550,4400,4750,7400,8800,5300,5950,2550,3550,2800,6100,3600,2150,3700,2800,3400,4000,4650,1350,2850,1700,2250,1750,3950,3200,2350,2900,2850,1250,2000,1350,4650,1300,1100,2750,2350,1400,1900,500,850,2550,3950,2850,2900
3580,4680,2640,2960,4860,5900,6000,4300,3020,5480,5000,3840,5900,5020,5040,4780,5060,4060,5580,5100,4820,5020,4520,3620,4560,3920,2620,3320,3460,4860,3440,2480,2480,3720,3600,3580,2480,2100,3560,2980,2100,3300,4100,2920,3600,3260,3680,3080,2440,2260,4160,3520,4300,2740,2640,3420,3260,2900,2600,4120,2300,5320,2800,2240,3780,3440,2720,2400,3240
6920,5440,4900,5900,5500,6760,8400,5600,3820,8000,6000,6180,4940,4900,3320,4320,5220,4500,6500,5680,4200,6060,2940,5260,5980,2820,3580,3600,3960,5200,3380,5100,4640,4020,4800,2660,3340,1980,4940,2900,2600,3880,2860,1800,2920,2740,2340,3820,3560,2800,4340,2900,4520,2680,2840,2460,2720,2780,2740,2600,3180,3260,2720,3520,4280,3660,3880,3300,3640
200,2100,1250,2250,5850,4900,4700,3650,4950,10250,3850,3050,9150,8650,7350,7050,8150,9200,7050,11800,10950,13200,5250,14500,8000,8350,8750,7750,7300,9750,7100,9500,7050,7300,5900,8350,8050,4200,7300,6900,5300,9600,7900,4150,4900,8100,7200,6700,7350,4650,7100,7600,7350,7150,6950,5750,10700,7400,6300,8550,5650,7750,6200,6800,6950,8800,6750,6300,5000
700,2800,600,2400,4900,3700,3400,3900,4100,9400,7800,3300,6300,4400,5600,10000,9900,7200,15400,12100,8500,9900,4000,8100,7600,4700,2000,10800,5100,8800,5400,8700,6200,8400,5000,5800,6600,6700,12000,7900,7300,12100,8600,7100,6100,8200,6700,9700,9700,7700,7900,8700,13500,6400,8700,8000,11100,8100,12100,10000,9700,12500,9300,11000,8300,12800,6800,13500,13100
5900,6500,8000,16100,7600,14100,17400,9000,7700,9000,7600,9600,11700,6400,7000,7100,8000,13000,7400,5300,10500,4300,11100,3500,8600,5100,3500,2900,4200,8100,2200,5700,2800,8200,3800,2900,4300,2400,2600,3900,3500,4200,13200,6900,4200,6200,6100,2000,2300,3100,2900,3600,1900,3100,1700,3500,3400,3300,1600,5600,3500,3400,1000,1600,5300,4200,1900,2200,2100
12100,13450,10000,14400,6400,8750,10450,10900,6650,10750,5200,7550,9400,7250,5000,7450,6300,8700,7900,7450,8200,8550,5400,5350,6600,4050,4900,2600,5000,5000,5250,6300,6350,5300,8500,3850,5600,4000,2900,4800,3450,7500,3800,3750,3750,2600,1700,3700,1750,3050,6350,3300,1750,2150,1950,4450,2400,3850,2900,6000,4400,3900,2200,1850,2700,4250,1150,1800,2150
5040,5620,3820,5260,7760,7220,8180,5840,3420,5980,4380,4800,7600,4540,5940,4520,3680,5320,4180,4980,3680,3900,3140,3900,4900,2600,2920,2880,3000,3420,3640,3680,3300,3600,3100,4100,1340,1900,4580,2740,2520,3000,2400,3380,2720,2000,2500,2500,1540,2700,3580,2240,2840,1840,1880,3140,1760,2380,3340,3080,3220,2240,2320,1540,2640,2400,1400,2500,1740
4840,3760,3840,4740,6200,2700,3140,6440,2080,4440,3300,3180,5840,3560,2980,6040,5460,3200,5860,3880,3780,3080,3540,3580,4180,3680,4060,2840,2780,3580,2560,3180,2700,4180,3500,3160,2160,3060,4620,3400,1960,2400,2880,2420,2280,2540,2300,1880,2560,1860,3000,1740,3140,2900,2440,2940,2100,3060,2480,1980,4080,2280,2680,1880,2040,2660,1140,1440,3140
5800,4000,4800,5750,8750,4400,6450,5350,3200,8600,2900,4350,4700,6800,4950,4500,4750,2750,4950,5150,3950,2250,2900,4350,3200,2550,4150,1550,4400,4850,2650,1650,4100,3450,2300,3500,2900,4150,3800,2650,2550,3550,1200,3600,3900,3000,1300,1400,2400,3200,3200,1450,1400,2600,1300,3850,2150,3300,3200,1650,1550,1450,1900,1350,1750,2300,850,2150,1750
6950,7400,7650,6200,8000,5550,8400,4350,3050,5550,5750,2750,6250,6400,5100,8150,7400,7250,6550,7200,7650,10050,6500,11150,6300,4550,3100,3900,5400,6050,7600,4900,4050,9750,3650,6800,5100,5350,3950,6200,3500,5450,5500,3150,3600,5950,3800,4350,6100,4600,4000,4550,5150,3500,3950,5350,3100,8450,3550,4900,4600,5050,5350,3100,6100,6800,3600,5550,2350
7800,5350,6250,5550,7500,5200,7850,6500,2700,8750,4050,3250,4000,5150,3650,4400,5050,5600,4300,5800,4600,4450,5900,10300,4150,4700,4700,4100,5050,3300,3550,4850,6500,6750,4500,5500,2750,4050,4350,4900,4000,4350,5550,2600,4450,3900,2350,3450,2850,3550,4600,2750,2900,2350,1900,2000,2850,3150,2750,4650,2800,3850,5300,2850,3950,5500,4650,2450,2950
3050,2550,3950,2350,4600,2600,2950,3700,1550,4650,2200,1450,2400,3600,2850,3000,3600,3250,1850,4500,2350,2300,2700,6900,3550,1750,1600,2750,2500,2200,4400,3050,2550,4900,2450,3050,1800,2650,2250,3050,1400,3550,2550,1600,3400,3300,1550,2400,1200,1000,2700,1500,3650,1200,1300,1400,2900,1500,2350,1700,2550,2250,2100,1200,2050,5200,2350,2150,1700
7740,4940,4140,6400,5880,5280,5060,3620,3920,6480,4340,5400,6400,5320,3340,7120,6380,4420,4820,8160,5520,6640,5600,4220,8120,4480,4860,4740,6880,4520,6620,6300,6040,5460,2860,6120,4720,3180,5160,6020,3340,6580,7220,5700,4180,5020,5360,5640,4140,4560,5700,3900,5720,4320,3780,4520,7360,4940,4300,7000,5420,5280,5260,4280,4960,5420,5600,6000,4060
100,1850,2400,2100,6050,2100,4450,3900,1800,4800,4250,4600,1450,3950,5100,4300,6300,5400,6450,13300,10100,9050,8650,6700,8350,2700,6150,3800,4700,5400,10700,11650,7650,6550,6950,6100,3850,6050,4600,6850,3950,6000,7500,5350,2900,6100,6300,5700,6500,4800,6600,5000,6550,4000,4350,5100,4200,2900,4600,6850,4150,5500,7100,3750,3300,5600,2600,3300,3250
7140,5040,3920,7600,8220,5100,5080,4140,3760,5860,3500,5340,5300,5140,3740,6620,5160,5340,5820,7380,6600,6880,6100,4400,6880,3120,6280,4300,7820,6600,6040,9540,9820,8340,6920,6840,5500,3940,6080,5720,4520,5040,5780,4300,5780,5480,7100,7880,5060,3820,6260,5340,5940,5040,2220,6180,4280,4140,7180,6680,5720,4180,6540,4820,5800,6420,4520,4120,4240
1000,1850,3900,1900,5150,3350,6300,3150,2250,2800,2200,3200,3050,3700,3400,4100,4800,5650,5350,12550,9300,6850,8650,5900,7550,3800,5500,4500,5400,5300,11200,9450,6050,9450,3850,3650,2350,6100,5350,5100,3450,6400,6450,3300,4050,5150,5350,6550,3450,3450,5950,3400,3500,3250,1100,3600,4650,3900,3450,6100,3100,2100,3300,2050,5500,4650,3550,3600,3050
8200,6700,7600,5300,11000,9200,10200,11600,7300,10900,10400,4000,4800,8900,10000,10700,8000,9100,7900,9500,8200,10400,12100,6900,7600,8000,4500,8300,8400,7900,10800,8300,5600,12400,9600,9800,4900,4900,8600,4900,3600,7800,5700,2900,8400,8800,5700,4000,2600,4900,8600,1800,4900,5200,2300,6700,5700,3400,5900,2900,6700,3500,8200,3700,7700,8000,9800,6900,7000
4650,4800,3500,3850,9100,4400,8500,6000,2850,7450,6000,4950,6400,5550,6900,9900,6400,8000,5450,6800,6150,8600,8700,4000,8300,4950,4100,4200,6600,8050,8950,10850,3750,6800,3650,3600,3400,3400,3750,5100,3700,4850,7700,2800,5750,6200,5150,4300,4500,3450,5600,3850,6150,4700,6300,3800,2750,3550,5150,3650,3650,3550,5550,1750,5250,8650,4400,5950,3200
5980,5060,4330,4760,3120,4640,8880,5580,1990,5090,4120,5340,2050,3870,3580,4710,3530,5070,3570,3880,3710,3800,3070,3300,3890,2250,3010,3270,1520,4380,3070,5100,3070,3690,2240,2580,2180,1670,2320,2300,1510,2650,4890,1010,3360,2170,1710,1760,2200,2020,2300,2210,3070,3250,1820,2790,2470,2890,3510,2570,4570,980,3170,920,4130,2880,630,1900,2410
5430,4365,3165,5255,4650,4345,4965,3780,3090,4955,3815,4840,4650,5000,2810,5260,4180,4860,5370,5275,4220,6365,3520,6180,6025,4070,6280,4600,5660,4625,4665,5040,4340,4825,3955,4515,5415,3135,5695,4930,3545,3830,6220,3855,4170,5140,3390,5185,4190,3415,5310,3810,5660,4315,3680,4075,4120,4160,3280,3805,4860,4275,5445,4620,4225,5320,3695,4630,5775
5350,3660,3030,4970,4650,5050,8660,4650,1770,3840,3480,3250,3730,2350,1950,2560,2220,2700,2830,3080,2860,3240,2420,3380,2730,1680,2180,2200,1600,2710,2230,3160,1680,2880,2090,1800,1730,2900,980,1560,990,1800,3610,430,1830,1250,1970,2620,2130,1530,1350,1240,2540,2210,1270,1350,1370,1600,1790,2220,1000,840,2430,1040,2860,1620,970,350,1860
6340,3835,3495,3735,4800,3735,5085,4870,2215,4845,3190,5070,5430,3695,4335,5270,4440,4000,3595,4355,3820,5375,2940,3890,4195,3245,4520,2665,3840,3260,3140,3950,3400,3390,5555,4855,2050,2765,4625,5080,2930,3455,3965,2870,3530,4765,3170,4425,3650,4540,4050,4280,4625,4115,3405,4080,3630,4605,3975,3355,5275,3120,5635,4545,4590,5335,4855,4365,3750
6380,2940,4400,3600,6060,4720,4560,3320,2680,3500,2600,5140,5540,3460,3080,4800,3420,3780,4780,5800,4000,3900,4220,3100,4700,4440,2840,1940,3960,3920,3100,2840,3340,4120,2720,3220,3920,2680,2420,2220,3220,4080,3880,2720,2940,2000,2140,2380,3380,2680,6160,2760,2420,5080,1540,2700,1380,2660,2040,1820,3160,2460,1860,2440,2080,2260,1160,2060,2160
4720,3200,6780,4660,5400,6320,7840,6740,3300,5340,4560,6440,6080,5660,4020,5320,5000,4900,6160,12480,6160,6000,3860,2680,5520,3800,6300,3700,2340,4600,2940,5740,3820,5320,3700,4860,2380,3120,4700,3440,2500,3700,4920,3200,3980,3620,3320,3380,2460,3000,3800,4200,3780,3220,2520,4120,3300,3540,2040,1400,4940,2680,3300,3260,2980,2720,2680,1720,3120
4960,4180,5460,5980,6440,5600,9180,6580,4360,6440,5240,6740,6960,4620,4600,6160,5340,6240,6380,6980,4900,5480,5260,4400,5140,5780,4160,4460,3640,5920,4260,6760,5760,6740,5120,3840,2580,3580,4840,4240,3340,7360,5900,2220,6360,3880,4080,3500,4700,4620,6300,3840,4040,3520,3020,4160,4900,4380,2480,3740,4680,4260,4340,5120,3680,4280,5300,4640,3540
6320,6020,4640,6160,6980,9100,9680,7940,3340,7720,5220,5960,7020,6000,5020,6260,6000,6420,8020,7240,6920,8660,6480,5420,7680,5460,10020,4320,4560,7660,7080,9000,6360,7440,6180,7460,3500,3920,9600,5760,5380,6560,6000,6000,6340,6800,4220,4100,5880,7560,8500,4840,6100,6620,4100,5980,4760,5000,6040,5740,5060,5700,6380,5440,5940,4840,5120,5380,4480
4130,2720,2720,4460,4910,3880,4420,3590,2780,4960,3730,4020,4410,3220,2870,4320,4150,3520,3380,4570,5400,3640,3690,4130,5720,2620,3240,2880,2810,3640,3630,4730,3470,4140,2800,3380,2300,1780,3660,4520,2620,4100,4350,3030,4300,4060,3080,4020,2730,4340,5270,3070,3720,2990,4320,3350,3360,3820,3250,3880,3170,3610,4140,3210,3510,5030,3890,3920,4650
7320,5100,5320,6160,8520,6980,7960,7100,5000,6400,4920,5260,6880,4620,4560,6520,5080,4240,5660,7520,6320,5840,5980,5340,6760,6120,4060,4160,4220,4360,5480,6500,6880,6640,5660,5580,4260,4720,5420,5660,5080,7460,5360,3080,7900,6040,4520,4500,4540,3900,6540,5220,6020,3240,5340,5240,5680,4720,5100,5580,6080,3720,4340,5440,6440,5340,6680,6140,5580
500,1000,1400,1120,2920,2260,2020,3100,3020,2920,2020,1860,2940,3620,3200,3780,3480,3420,3620,3020,6320,3040,3300,3520,5600,2440,2720,3200,3660,4340,2620,2580,2980,3860,3460,3460,2040,2240,2960,3240,2120,3500,3540,1760,4500,3540,3060,3180,3280,3320,3740,3000,3660,1880,3140,3040,3100,2900,3560,2140,3120,2460,1820,3480,3100,3000,3120,4040,2620
5500,7550,6700,7850,7500,6000,5400,7750,6350,9000,5600,4900,7300,6900,5300,4700,6300,5950,3900,5150,8650,5000,4600,3350,3500,2350,6950,6950,5150,7700,4250,6800,6000,6050,7800,7650,3850,4200,5350,6050,5250,5600,5250,7200,8550,3800,4850,6250,3300,6050,6000,2200,4150,4650,3700,6400,7600,3650,3600,3400,6400,4750,4500,5700,7800,6700,6200,3550,2800
6800,4200,4100,4250,4200,4200,3750,3000,2150,3500,2000,3750,4550,5950,5000,2500,3150,4250,3750,4500,6250,5050,3050,3050,5100,2900,4750,2250,2500,5250,1500,4600,1750,4650,4900,2400,3900,1600,2350,4750,3000,2950,4000,4050,3700,2800,1100,3900,1850,3800,4150,2900,3100,1850,3300,2900,5900,2450,2700,2850,3600,2100,3850,4000,3450,5450,6650,3050,3650
3600,4000,5200,2100,4050,2000,3250,2700,750,2750,2500,2500,2550,6600,4700,2500,4000,2900,3200,1750,3000,3600,2200,2550,4400,4350,2900,2400,3000,1850,3500,2500,1200,2350,1950,4000,4150,2250,2100,1800,1850,1750,3950,1850,4800,2200,3250,1100,1750,3550,2800,3100,3250,3450,3800,1450,1850,1250,2200,2600,2550,3100,1200,1300,2700,3000,1450,1550,2700
5200,4500,5600,4900,5200,5100,9200,14000,5500,6000,8200,6600,4500,5000,7000,5100,9500,6000,6000,7900,4600,8600,3200,4500,4900,600,10800,5000,3000,3400,3000,5300,4600,10500,3900,2100,3000,2400,4100,2100,2000,15000,5200,500,3200,3200,2600,1900,3400,4000,9000,4500,1200,500,1500,4000,4600,2100,1200,7100,2500,2700,5100,2100,1800,3700,3100,4800,4800
11060,7270,4390,8710,7110,10250,10060,9280,3950,11620,5180,7390,5580,6470,9690,5610,6290,4800,9730,3180,5490,8950,4200,2060,5680,5530,2450,3320,3630,2760,4610,2470,2150,3470,2380,3550,3400,2870,3140,2730,5470,2510,3380,2990,2380,1500,2000,1800,2370,3300,3440,3340,3170,2340,2120,4610,5170,2070,3400,2630,3760,1800,1430,1790,3350,4750,1250,1700,1510
4130,3825,2340,4105,4450,3470,4320,3970,2980,4635,4425,3385,2490,2945,3090,1920,1505,1920,3205,2605,2115,2810,2750,3725,3645,3630,2980,4280,2025,3440,3940,4475,6335,4250,4535,4660,2485,4625,2800,2795,3645,4255,4165,2175,2375,2320,2520,2780,1245,3205,3795,3140,2640,3205,2395,4120,5770,3045,3640,1810,3620,2145,3520,3470,6375,2710,2485,3155,1595
6685,4885,4100,5010,6210,6360,5655,4455,4195,5900,5185,6605,4380,6185,3445,3445,3620,3865,6050,4960,3615,4080,3970,4065,4790,4055,3665,3125,3365,4930,2905,4325,4820,4725,4925,3610,5045,1850,3685,3800,4330,4290,3410,3240,3595,2840,4410,3650,2565,5240,4350,3805,4340,3370,4245,4350,3025,3020,4250,4085,5355,4165,4170,3540,4775,6285,3580,3135,4280
600,800,2000,2000,5200,6800,6480,7200,8120,7600,6120,4880,4540,9060,9280,6660,6540,5660,10640,5600,9620,11440,3620,9500,6400,8220,5120,3720,6460,5880,5620,4060,3460,10920,5860,5640,4980,7700,5800,9280,6160,11380,7060,2000,5500,6920,3900,4680,2900,4800,8120,3420,6620,5360,3180,5300,9540,5820,5620,4120,5440,4660,5860,2920,7320,9400,5560,5420,6040
300,400,400,1000,1400,3800,3410,1800,1880,6660,2140,2810,2280,3770,1670,3100,3350,2940,3250,1300,4230,3250,1660,1900,2270,3900,2370,1240,1330,2360,1660,2390,1830,2890,2720,1070,1520,1100,3560,3550,2300,4890,2140,1570,890,2430,2280,920,1180,2620,8910,2230,2410,3550,1110,1510,2790,3290,1810,1320,2360,1300,980,3020,2420,1750,1600,2460,2750
3500,2600,3400,6550,3550,4550,3900,2950,3100,3100,3450,2000,2700,2200,1250,3800,2250,7100,4000,3800,3800,4900,4750,5000,3400,3700,2750,1850,3100,3900,5500,4550,4100,3450,1950,2300,3350,2550,2800,4900,3700,4200,2450,5050,2250,5650,2000,2600,3750,4850,4950,1600,3750,1700,1350,6000,3850,1550,1700,3850,2400,3800,4350,4100,3450,3150,2400,3800,2350
6425,4445,6875,5115,5805,9535,6630,5970,3600,8195,4225,9520,5490,3305,4020,6485,5295,4630,7585,7030,7020,7255,6515,7995,7895,4960,6560,6285,5975,6445,6280,8210,7990,6210,6815,6100,4455,5150,6885,9285,7290,8085,6110,5280,9850,4670,5230,5385,5505,5130,7985,6860,5060,7995,5990,5935,5540,5310,5970,6290,7355,4290,5275,5880,7515,5210,4350,4080,4060
10780,8445,9615,10575,11245,16310,17405,11495,7420,13160,9130,9545,9390,9995,6615,11630,9900,8300,9905,6455,2050,560,1210,625,2245,2790,3645,6245,3665,5055,3015,7285,5065,7510,4780,4265,5925,5265,8125,8420,4880,7930,7005,7215,10765,5540,6130,6480,6355,6470,8235,8420,6140,5285,5100,7595,8260,9495,6415,6360,8605,5515,6595,7365,12940,10105,6360,8900,4670
5440,3210,3430,4280,3480,11670,6240,7360,6170,10070,7230,10840,4330,5100,2570,5100,4530,4220,5920,5510,5310,6300,2790,3110,9240,4030,4200,3610,6250,4110,1940,4160,4920,3840,3280,1460,2490,1710,2860,2890,1320,1020,4450,2570,2600,2830,4320,1670,2620,6640,1870,2960,3280,1120,2180,2890,3930,930,2470,2800,1610,2650,3830,1580,3730,2480,4450,3060,2360
10717,9249,9374,9786,10748,11922,10020,9725,8006,10609,8504,11236,11057,9923,8162,11590,9086,9570,8852,9613,9489,10214,8617,8453,10748,7304,9440,7155,7540,10754,10101,11946,10029,10755,8680,9631,8377,7185,9627,10776,7312,10836,10639,8122,10025,9484,9597,9962,8298,10447,10323,8802,9347,8674,8388,9900,8573,9956,7929,10842,11579,9002,10517,8258,10333,12955,9567,9189,10405
6200,6600,2800,4800,6000,6820,6360,6000,3030,8970,6490,8670,7980,6320,4220,11430,6040,5540,6930,7080,6480,14690,12930,10680,11670,6140,9120,5660,5570,7830,5420,9350,7590,7750,3580,5790,3630,3880,4260,6990,4130,5650,6750,5700,3890,1260,5510,4850,5700,3680,5640,3080,7150,9860,2720,8610,9620,5270,2640,6190,4450,6570,3260,5170,5370,3460,5800,4590,3640
7552,6052,6074,6160,5912,5798,5862,5232,5474,6570,7202,5522,7654,5198,5294,6588,6408,5106,6294,5898,5884,6066,6174,6542,6476,5808,6748,5628,6008,6978,6194,6672,5768,7158,6086,6438,6546,5256,7364,6678,5758,6878,6084,5802,6190,5798,6178,6776,7912,7452,6826,5798,6438,7096,5576,6544,6946,6476,6210,6848,7814,6588,6462,5264,6752,6704,6710,7204,6102
8450,7050,7700,7650,6900,6600,7400,7550,7450,8850,6100,5850,6800,7800,4950,7200,7450,6200,8450,7900,6600,7900,6200,8400,7600,5200,7450,9550,7800,7650,9750,8700,7150,10550,10150,12300,7850,8450,10000,11150,7750,11100,8650,9050,7200,8600,7500,8200,10050,9900,9500,9750,7650,10750,8900,8900,10600,7700,8550,9350,9700,8400,8950,6900,7100,7650,8150,10600,7900
4550,3200,3800,6500,5050,7400,3100,2500,2850,3300,3950,2600,6400,4500,1700,7200,2550,4100,4800,3300,4100,3900,5000,4100,3950,3300,3100,2900,6000,6350,6200,3050,3250,3050,3550,5450,2000,3500,4800,3400,4800,6300,5800,4700,5200,3000,5500,4400,4900,3600,3300,4300,4000,4500,2800,4400,4300,3700,2500,4000,3200,3100,1100,2300,5000,1800,4250,2600,2200
3780,2760,5520,2760,4140,3180,3420,3300,3180,5220,4020,3180,4440,4680,4130,3720,4020,4980,5520,3000,2820,5760,3840,4440,5760,4140,2340,4200,3780,4680,5940,4620,2940,4080,3720,5040,3540,4980,5220,4380,3360,5100,3000,3060,4620,4020,5220,4980,4620,4570,5820,6150,6000,4020,5640,5220,5100,4740,6420,5280,6660,5050,6780,5160,6360,6060,5340,6840,5100
6060,3740,3840,4595,3710,3700,2100,3195,3000,3280,3150,2645,4625,3090,2740,3150,2940,2510,3040,4300,2890,3240,1710,2555,3780,1810,3090,2915,1880,2610,1980,1950,1605,1665,2130,3060,1980,2430,3265,2035,1710,2820,1830,1770,2175,2160,2100,1890,2220,2070,2430,1080,1830,1560,1410,1650,1470,1350,1800,2975,1360,1650,2100,1410,1440,1305,1320,1530,1530
6300,6012,6740,6058,6684,5692,5472,6662,5424,7192,7214,6444,7886,7056,7212,7344,6504,6504,6362,6080,5842,8282,6372,7222,7860,7000,7644,7056,6600,6972,6984,5892,7284,6174,6730,7452,7296,7032,7440,7648,7644,6840,6252,6468,6492,5688,6960,8112,7418,7572,8248,6992,7320,6744,6336,6252,6720,7020,6900,8090,7696,7872,8698,7298,7572,8604,7656,7716,7044
3200,2420,3400,2980,2760,3640,4680,4080,4820,4120,4180,3080,4260,3520,2800,4200,4280,4360,5460,4340,5460,5540,4240,4460,5840,4560,5480,5760,6540,5460,5360,5460,7820,5120,5800,6720,8000,5920,7360,6080,6760,6560,5460,7520,6300,6080,6540,6420,7280,7660,8500,5900,5100,7860,6760,7980,7880,7480,8380,7620,7740,7000,7540,7360,8760,8020,8900,9140,7860
2500,3500,2850,2950,4000,3400,2200,4300,3600,4400,3450,3650,4450,2450,2300,4300,4850,5350,5400,3900,5250,4600,3650,2950,5100,3450,4400,4350,4200,5200,5450,5050,3900,4300,4050,6700,4500,3650,3800,4750,4100,3550,5750,3100,4450,5550,4200,4400,4550,3000,4600,4000,3100,2950,3100,3800,3250,5350,4150,4750,3600,3050,2950,2600,2600,3550,4350,3400,3450
3540,2680,3580,2560,3680,4920,3380,4180,2820,3440,3300,2360,4300,3380,4020,3560,4300,4760,4340,3280,4820,6400,3620,4080,6180,3260,3700,3860,4700,4180,4000,5580,4160,5240,3840,4960,4640,4060,3900,4960,3780,6000,4280,4760,4480,4940,3640,3380,4960,4380,5000,3220,4360,3620,3620,4120,4520,4680,4540,4240,3360,3320,3200,2700,3160,3200,3660,3720,3520
4360,3120,4120,4000,5360,5240,4240,5460,4660,5160,5500,3820,5380,4920,4420,5700,6000,7160,6700,4520,5980,6240,4780,4800,5900,4200,5100,5440,5820,6160,7060,6760,5980,7020,6420,6620,7500,6180,8060,6500,6360,7760,7080,7940,7340,7860,6720,7680,8920,7200,7800,5740,6600,8280,6700,7140,7280,9380,8560,8480,7740,7200,7320,6400,6740,7560,7820,6200,7580
5130,4370,4940,4770,5480,5670,5460,5880,5350,6070,6390,4980,6210,5220,5060,7860,5910,5800,7000,6520,5670,6350,5180,5810,6670,5500,5320,5520,6660,6090,6220,6380,5810,5920,5060,6030,5310,4650,5600,5610,4980,5830,5780,6420,5660,5240,5500,5550,5390,5680,5910,4190,4940,5010,5430,5410,5240,4740,5180,5200,4890,3800,4680,4330,4210,4640,4810,4960,4560
2060,2170,2600,2380,2700,2980,2520,3240,3240,3270,3570,2610,2930,3630,3210,3510,4010,3900,4080,3770,3940,5080,3750,3870,5060,3910,4780,4500,5690,5180,5850,5210,5240,5330,5520,6690,6020,6010,6540,5610,6500,6870,6820,6800,6980,7290,6800,7700,8250,7780,8360,7100,6850,7620,7220,9070,8340,8790,8740,9240,8900,7700,9780,7880,9020,8980,9170,9480,8750
5520,3940,4490,5030,5660,4790,5520,5560,5200,6670,5900,5280,6490,5560,5090,7090,6570,5890,6640,6360,5640,6630,5330,5540,7100,5410,5800,6110,6870,6560,6120,6540,5810,6300,6270,6900,6310,5330,5700,6680,5510,6690,5870,7140,6680,6520,6020,6190,6690,6330,7620,5430,5410,6030,5740,6520,6080,5990,6750,6770,6320,5960,6190,5250,5910,6430,5950,5060,5400
1620,1500,2570,2030,2690,2250,2160,2980,2590,3090,2780,2010,2810,2740,2540,3130,4120,2840,3330,3030,3370,3830,2920,3290,3890,3110,3660,3020,3420,3940,3910,4150,3460,3810,3690,4450,4150,3720,5100,4320,3980,4800,4870,5100,4950,5250,5320,5020,5520,5210,6110,4640,5420,5760,5040,6540,5380,6870,6890,7100,7090,6110,6230,5760,7780,6830,6870,6340,7520
1940,1480,1760,1700,2100,2620,5040,2400,2740,3180,2060,1820,2760,2800,2580,3540,4160,2880,4020,3000,3640,4020,3160,3540,4280,4040,3920,3600,3480,4300,4460,3560,3980,3880,4520,5520,4640,5100,4820,4580,4400,4380,5600,4860,4580,3740,3720,4400,4900,4180,5620,3800,4320,4900,4680,5120,4720,4800,5220,5720,6100,6080,6440,5040,5960,6560,5680,5740,5760
3400,2440,4480,3700,3800,4100,3980,5040,4780,5140,4220,3540,5320,4740,5500,5420,6060,5120,6720,4920,5160,7380,5380,6760,7360,6320,7400,7060,5820,7680,6940,6980,7580,7700,7320,10100,8660,7920,8440,7760,7940,8020,8300,9540,8860,8620,8260,7780,10220,8940,10600,7360,8620,9940,8980,9540,9840,9680,10900,10720,10280,8860,9680,7960,10320,10740,9440,9300,10300
300,300,600,1450,2550,2350,1450,1350,1300,1300,3250,2000,6100,2000,1900,3250,2400,3300,4950,2950,3600,2650,4000,2550,2200,3300,4650,3450,4950,5350,2300,4100,5350,4950,3650,3650,4950,6550,6800,6500,5750,7200,8950,10900,8950,8750,9550,11550,6450,7650,8750,10100,9350,8900,6350,12150,11700,14100,9100,8450,13400,9000,16700,12700,10500,12300,13350,16500,11600
3180,2880,3620,3320,3820,4480,4120,5520,4600,5960,4220,3340,6180,3860,3440,6360,5800,4840,6060,5900,6240,6960,4600,4780,6520,4480,5340,5660,7040,6240,6400,6540,5980,6880,6360,6680,6600,6260,7300,7180,6660,8160,8340,7740,7900,7740,7420,7120,8720,7240,8460,6840,7300,8160,7480,8220,8620,8760,8860,8820,8100,8420,8640,7080,8520,9240,8900,8440,9900
5040,3360,5660,3440,3360,3500,2700,4020,3480,3480,3900,3120,4140,4800,3000,3300,2580,3310,2330,3060,3000,3800,2620,3180,4860,2640,4080,2280,1560,3000,2640,2520,2400,1760,1920,1740,3360,3300,2460,3200,2040,2340,1740,2160,2400,2400,2760,3120,3010,2100,2420,2640,1260,2520,1930,2160,1860,2290,2840,2720,2450,2820,1860,1740,2340,2100,1260,1560,2220
5900,4050,4700,5050,4800,3050,5200,5000,3800,4150,4950,4000,4000,3800,3700,2950,4300,3450,4100,4100,2800,4000,3500,4500,3900,2700,3100,2800,2350,3150,3150,2750,3500,3300,2550,3800,3050,2650,3550,2300,1850,3500,2100,2100,2800,3500,2250,4100,3000,2550,2650,1400,2400,3200,2100,2450,2450,2200,3900,3150,2500,3000,2700,1850,2450,3700,1400,2900,1900
7500,5750,7250,7000,7800,5800,6500,7650,5300,8100,8150,7150,6000,5900,5500,5900,7350,5850,5450,6250,4650,6150,5450,6650,7200,5300,6400,4950,5250,5100,5050,5450,5250,6150,5300,5650,5500,3950,5550,4050,3500,5450,5600,4500,5550,4150,5800,5700,6600,5800,5450,3700,4300,4350,4550,3850,4650,5750,5500,5200,5500,3850,4650,4000,4550,4850,5300,4750,4050
4580,3380,4280,3840,3580,3040,3600,3480,3740,4400,3940,3500,3920,3600,3080,3380,4080,3600,3600,3600,3580,3520,2740,3960,3640,2980,3720,3040,3160,3220,2820,2800,2940,3560,2840,3240,2900,2900,3840,3480,2600,3440,2980,3060,3480,3040,3080,3340,3600,3300,3940,3080,2660,3340,3140,3020,3220,3040,3340,4200,3280,2980,2940,2320,2620,3200,2880,3400,2920
7940,5420,6300,5460,6380,6520,6000,6580,6080,6740,7300,6120,7840,5820,5320,6460,6760,6140,6860,6940,5580,6900,6600,7020,6820,5800,6320,6600,5240,6160,6460,6020,6580,6520,6040,6700,5900,6060,7680,6340,5440,6760,5760,6200,6740,6200,6160,7020,6940,7100,6940,6400,6580,6120,6580,6040,6480,5880,6860,6680,7380,6380,6540,5440,6400,5880,6380,6320,6140
5080,3690,4260,3920,4290,3840,4830,4120,4530,4640,4510,4660,5340,3960,3680,4320,4420,4310,4410,4340,4010,4210,4330,4600,5140,4010,4440,4230,4160,4980,5130,4220,4520,4390,4420,5620,4510,4520,5120,4090,4000,4740,4360,3920,4610,4590,4140,5040,5860,4240,4230,4400,4200,4640,4250,4490,4660,4180,4660,4890,4930,4370,4590,4300,4600,4990,4440,4820,4330
6320,4770,5740,5360,4990,5330,5210,5470,4740,6280,6200,5640,7160,5530,4890,5660,6430,5270,6240,5220,4660,6110,5240,6680,6210,5320,6160,5230,5770,6100,6090,5810,5470,5780,5570,6660,6030,5600,6870,5190,5060,6690,5560,5900,5610,5420,5300,7040,7840,6640,6090,5370,5510,5990,5240,5880,5620,5700,6120,6590,6350,5870,5770,4850,6770,6460,5650,6140,5450
5500,3860,4880,4420,4900,4230,3970,4690,4190,4960,5590,5000,6030,4690,4090,5070,5050,4520,5070,4290,4400,5080,4180,5230,5200,3800,5010,4420,4810,4690,5390,4730,4770,4690,4450,5400,5590,4360,5370,4660,4450,4980,4590,4580,4290,4840,5100,6170,5990,4950,5310,4150,5010,4820,4170,4980,4670,4750,4770,5900,5320,4550,5160,4080,5070,4610,4650,5070,4670
4670,3150,3770,3380,3930,3350,3610,3740,3590,3730,3850,4010,4790,3330,2940,4020,4010,3450,4080,3590,3500,3680,3750,4370,4180,3350,3780,3490,3520,3880,4430,3420,3750,4010,3940,4330,4160,3520,3710,3650,3460,3770,4140,3470,3730,3590,3970,4220,5050,4090,3630,3470,3350,3740,3370,3320,3750,3210,3870,4270,4200,3790,3920,3480,3160,4070,3420,3810,2950
5700,4080,4660,4240,4160,3540,4600,4400,4600,4980,4620,4620,5960,4980,4540,4100,5040,4520,5260,4440,3520,5000,3620,5160,5180,3680,4800,4580,4400,4700,4800,3620,4420,4620,4340,4880,4420,3980,4800,4520,3740,4620,4840,4760,3940,4240,3600,5540,5500,4780,3980,3560,4200,4200,3160,4060,4800,4380,4100,4940,4420,3860,4000,3540,4480,4760,4240,4540,3620
3700,2460,3320,2480,3200,2980,3880,3320,3420,3780,4080,3160,3440,3760,3020,2740,3800,3340,3920,2700,2460,2880,3120,3980,3300,2740,3200,2540,3200,2780,2600,3020,2280,2720,2680,3060,3040,2440,3380,2500,2540,3060,2560,2860,3320,2920,2560,3560,3760,3140,2700,2400,2720,2840,2220,2320,2860,2980,2840,3000,3520,2780,3140,2480,2720,3040,2540,2660,2340
11700,8020,8450,7740,7920,7850,7990,7840,7230,7670,8010,7710,9430,6510,6540,8350,8130,6480,7420,6620,6690,6790,5890,8720,7850,6060,6450,6050,5480,6340,6190,5100,6250,7330,5930,7270,5580,6080,6900,5840,4810,6440,5790,5350,5480,5200,5700,6790,7230,6230,5480,5160,5210,5750,5920,5950,5430,5090,5520,6180,6620,5510,5410,4810,4840,5960,4860,5050,4360
5562,3896,4458,4818,4358,4252,4412,4228,3700,4994,4570,4228,5722,4770,3640,5044,4762,4376,4728,4366,3638,4792,4320,5420,5144,4136,4602,3794,4362,4696,5052,4624,4276,4336,4434,4906,4476,4620,5286,4078,4076,4850,4448,4226,4508,4626,4624,5538,5836,4830,4568,3908,4494,4980,4338,5004,4474,4646,4642,5256,5472,4952,4960,4004,4820,5032,4562,4774,4408
8150,5710,6475,6270,6495,6170,6525,7060,7160,7850,7215,6245,8475,6635,5955,7280,6510,6775,6580,6125,5490,7020,5595,6885,6145,5530,5845,5070,4525,5530,6325,6310,4730,6015,6165,6750,5300,5345,5875,5245,4185,6060,5575,5700,5745,5180,5630,6725,7015,5220,5950,4960,4670,5690,5175,5725,5035,5965,5180,5810,6065,4945,5540,4735,4830,5275,5300,4655,4470
5700,5150,5150,4550,5150,3850,5350,5400,5600,6200,5800,5600,7250,5450,5050,5350,4350,5050,6250,5800,5700,6100,5850,6750,6600,4800,5800,5300,6050,6150,5900,4250,5150,6550,5550,5900,5350,4700,7200,6050,5100,5850,4800,5400,6350,4750,5600,8100,6000,6400,7200,5400,5800,6400,6650,7700,7450,6350,6600,6600,8550,6100,6900,6200,7750,8150,5700,6850,6500
8050,5250,5850,5150,5200,6500,6650,7200,5300,6800,6400,5900,6700,6500,6250,7200,6050,5850,6000,5950,6400,5450,5850,6650,7700,5600,5300,6050,6050,6350,6350,5750,5500,6400,5700,7000,7000,5700,6700,5900,6300,6200,4950,6700,5800,6100,6300,6250,8250,6850,5600,5050,6000,6750,5550,6000,6750,6150,8600,8500,8050,6650,5750,4550,7850,5700,6950,6800,7550
4540,4035,3725,3405,4195,3955,3840,3795,3495,4110,4005,3910,5355,3610,3395,4155,4345,3795,3960,3615,3755,3810,3570,4410,4345,3550,3685,3735,3905,4205,3770,3640,3995,3825,3885,4265,4265,3365,4515,3680,3405,4080,3575,3335,3795,3545,3900,4290,4640,4010,4025,3550,3600,4140,3635,4140,3860,3575,4070,4525,4590,3955,4050,3400,3955,4310,3905,4190,3945
6500,5200,5160,5120,5300,4820,5800,5180,4140,4920,5680,5700,6800,4500,4280,5500,5620,4500,5260,4500,5380,4500,4640,5880,5400,4840,6120,4540,5000,5240,4780,5060,4780,5120,5320,5140,5160,4480,6220,4060,4560,4740,4500,4540,4440,4240,4780,6240,6280,4820,4840,3620,4300,4580,4340,5200,4980,4600,4860,5340,5840,5060,5380,4520,4780,5040,4860,5460,4700
7700,5700,6850,5200,5750,4500,5650,4900,4950,5650,7200,5350,8300,5700,5650,5350,5950,4750,6500,5900,5400,5300,6000,6850,7000,5150,6700,4850,6000,5150,5850,5750,5300,6100,4400,6850,5450,6450,6950,3900,4450,5350,5050,4250,5150,4800,4200,6350,5900,5350,4800,4200,4300,4500,4950,4600,5400,4750,5550,4800,5900,5800,4950,4000,4000,4500,3850,4350,4100
8300,7400,7800,9000,7200,6800,8300,5500,5400,7200,5000,6800,8400,7500,5500,5900,6100,6600,7200,6400,6300,5800,4600,6300,6600,5300,5300,6400,5300,5200,5600,5000,6800,4900,8000,5100,6500,8100,6700,6100,5000,6400,4500,4400,6400,4500,5200,6800,5300,5200,6500,4400,5200,4500,5500,3900,4000,4900,4400,5100,6200,6800,4800,3700,5100,5200,4300,5700,3200
9650,7200,6650,7300,5650,8100,6100,6400,7100,8850,7950,6000,10200,6050,5950,8300,7450,7400,7600,7150,5550,6350,5650,7050,9250,7150,6500,6400,5250,6950,7100,5550,6450,6850,6100,7750,7000,7650,7300,5800,6700,8200,6750,5250,7600,7200,6400,8500,6750,5950,8200,5150,6100,5650,6500,6450,6450,5850,5650,7200,9150,6550,7700,5250,7000,6850,5400,7150,6600
5400,5200,4650,3950,4650,4500,4100,5450,5100,5250,5150,4200,6050,4700,4300,3750,4050,4250,4250,4350,3800,4300,3600,4750,5500,4600,4350,4000,4300,4200,3750,4050,4200,4300,4150,5050,4600,3950,5000,3350,4000,5150,3700,2950,4450,3600,4000,5050,4850,3900,4300,3550,3000,3200,3600,4050,5200,4250,3950,4700,4300,3250,3900,3450,3700,3750,3200,3550,3700
4500,4750,3400,3800,3950,3750,4150,4300,3750,5000,4100,4250,4450,4000,3500,5650,5100,3350,3600,4150,3700,4350,3250,4750,5250,4800,4000,3450,3750,4150,4050,3900,3600,3200,3850,3650,3850,4100,4300,4850,3550,3600,3050,4200,3600,4550,3800,3000,4050,3700,4450,3050,3050,3250,3050,4850,3800,4350,4500,5050,3800,3500,3450,2750,4050,3600,3500,4150,2600
6950,6650,6900,6250,6900,4950,6950,7300,5400,7600,7000,7600,7100,5850,5950,7850,7050,6300,7950,7300,7450,6050,6400,7200,8800,7450,7900,7900,7050,7300,6150,5050,7150,7800,6900,9700,7600,7850,9100,5200,6050,8700,7400,7100,7600,7050,7550,9200,7450,5600,8750,5750,5850,7150,6350,6750,7650,5950,7050,6900,8350,6800,6600,6050,7350,7350,6550,6650,5500
2080,1740,2080,1600,1820,1870,1590,1740,1760,2310,2000,1930,2330,1650,1640,1810,2090,1760,1880,1810,1870,2080,1840,2100,2220,1900,1790,1760,1900,2360,1780,1800,1840,1950,1840,2030,1840,1620,2180,1620,1560,2150,1970,1890,1960,1610,2010,2110,2140,1660,1830,2040,1910,2030,1630,2150,1990,1950,2060,2000,2160,1870,1990,1620,2080,2140,1740,2110,1770
4900,3320,4080,3980,3980,4740,4400,4660,3800,4700,4760,4620,4880,3780,4560,5000,4920,3720,5960,4480,4180,4420,4420,5360,5020,4280,4740,3660,5280,4300,4400,5100,5120,4340,4240,5360,4500,4500,5660,4460,4300,4800,4140,4420,4440,4840,4900,5520,5540,4420,4780,4500,4880,4180,4800,5080,3920,5140,4800,6100,5500,4900,4880,4360,5000,4880,4060,4680,4580
4140,3160,3660,3020,3940,3820,3540,3760,3340,3600,3740,3680,4560,3160,3060,3800,3440,2920,3920,3180,3320,3740,3800,4140,4360,3340,3720,3560,3480,3920,3380,3720,3840,3400,3400,3940,3940,3420,4440,3420,3300,4080,3240,3140,3720,3620,4260,3860,4220,2460,3440,3000,3960,3820,3300,4320,3320,3460,3900,3680,4260,3660,3680,3600,2860,3620,3180,3840,3360
8900,5650,7900,6850,7300,7150,8750,6750,6200,8800,7850,6650,8400,5800,5700,7800,8300,6600,6750,6650,6250,8100,7000,9400,7800,7800,7400,6650,7350,6050,7250,6200,7550,7000,7800,8500,6800,7050,7400,6650,6200,6600,5850,6500,7000,6650,7500,8050,7200,5600,6650,7100,6300,6250,5600,7650,7250,6550,6850,8050,9050,6850,7100,5700,7450,6250,6250,6850,5850
5050,4000,4300,3950,3200,4250,4300,4250,4000,5050,6150,4800,4450,4350,4000,4050,5350,4600,4650,3650,2950,3700,3800,4500,4450,3800,5050,4000,4300,3400,3900,4100,3550,4350,4500,5450,4600,3650,5050,4500,3650,4300,4250,3150,3600,5000,4750,5050,4600,4250,3800,3700,3150,3000,2850,4150,3300,2950,3750,4950,3550,3150,3900,3450,3700,3150,3450,3450,3200
5050,4350,4900,5700,4850,5000,4600,5950,4050,7150,5000,3650,7050,5400,3000,4450,6700,4400,5700,5700,3950,6250,5300,5050,5150,3700,5100,5050,4550,4500,6850,5650,4650,5000,5350,5550,4450,4350,5050,4250,4400,5600,5250,4700,3100,5750,3900,5150,5450,4050,5650,2900,4950,4400,3800,5200,4200,5650,5500,4250,5450,4600,4650,2850,3700,3650,3850,4450,4100
6200,4900,4650,4950,5400,5500,5450,7450,3850,6350,4900,4700,7500,4950,4350,6950,7250,5950,7200,6050,6150,7600,6450,5050,6600,5400,5150,5600,5300,5450,7950,6100,5650,5900,6500,6050,4350,5450,7250,7100,5650,5200,6250,6250,5250,6350,6500,7800,5650,4450,5600,4400,7500,6800,5050,4400,5500,5450,5350,4800,6600,6200,5850,3850,5800,5800,3450,6350,4450
5800,5950,3850,5500,5450,6650,6600,7400,4600,6900,5800,4750,7600,6350,5150,8000,7700,6400,5350,6200,6550,6900,6000,6150,7550,5900,6850,7300,7200,6450,7950,5800,7100,6500,6250,7250,5200,5100,6150,6550,4800,5850,7800,5650,6500,7250,5050,6700,5650,5650,5600,4800,5700,5900,6850,6100,5700,6500,6000,5800,6600,7550,5750,5100,6450,5400,5450,6500,6400
8650,7050,5300,7450,6850,7750,8500,8500,6450,9200,8500,5800,10400,7650,5600,10450,8200,7000,8150,10100,6200,8800,7850,9500,8800,9000,8850,9050,7850,8650,9250,8000,10250,9000,8050,9050,7500,7550,10100,9600,7600,8700,9200,9650,8300,9600,7950,8750,9600,8850,8500,7700,7450,9100,7800,8500,8300,8400,8150,9100,8850,9200,9650,6750,6700,8900,7200,9550,8350
4400,3400,3340,3800,3420,3760,3580,4100,3700,4480,3520,2820,4840,3600,3320,4080,4320,3840,3980,4560,3660,4160,4040,4540,4280,3220,4520,4380,4340,4520,4460,4160,4080,4540,3660,3800,4340,4900,4860,4440,3380,4140,4260,4960,3420,4180,3860,3960,5000,4100,4140,3780,4520,4740,3880,4180,4280,4460,4080,5100,4020,4560,4640,3920,4660,4240,3940,5000,4380
5360,4660,4100,4860,4840,4700,5120,6100,4540,6960,4580,4620,6300,4320,4620,7480,7080,4700,5400,5980,5100,6380,5380,6140,6040,5740,6000,5620,5540,6340,6240,6060,5720,6260,5980,6660,5800,5460,6740,5980,5440,6580,5960,6960,5620,6860,5460,5680,7040,5840,6020,5940,6220,6160,4760,5820,6120,6300,6220,6440,6300,4820,5780,5680,6560,6320,6160,6760,6100
6700,4580,4500,5220,4720,5720,6020,6400,4520,7640,6060,4580,6520,5180,5240,6260,6940,5440,5760,6740,6060,5200,5860,6660,6880,4540,6000,6240,6400,6720,6920,5860,5660,6660,7260,6860,6620,5640,8100,5640,6520,7400,6200,7360,6120,7020,5920,7460,9260,6280,7000,6280,6700,6360,5360,6360,6680,5800,5580,6400,6880,6560,6860,6240,6820,6800,5920,6320,6100
5540,4920,4460,4860,4860,4840,5160,6260,3260,6980,5200,5160,6300,5300,4200,6420,6760,5140,5740,6380,4720,4660,4780,6060,6020,4700,5780,6300,6020,6680,6700,6740,5740,6600,6680,7740,6200,5580,7320,6100,5020,7280,5620,7160,4460,6040,5980,6860,7800,6580,6460,5380,6020,5800,5340,5800,6420,6040,6100,6100,6220,5580,5140,5920,7180,6740,5960,5720,5760
4320,3580,3660,3820,3980,3920,3500,4240,3400,4380,3840,3920,4660,4120,3540,4920,4480,3440,4160,4800,3000,4780,3740,4240,5040,3460,4340,4380,5060,5640,5560,4720,3720,4480,4240,6020,3940,4000,5560,3960,4620,4360,4100,4880,3880,4140,5260,4880,5920,4320,4620,3600,4460,4480,3840,4240,4620,4660,4480,5280,4680,3920,4280,4040,4120,4220,3980,4680,4020
9100,6050,6800,6950,7250,6700,6650,8100,6300,6700,4900,6950,9750,8150,6250,7750,8050,5950,8550,8150,5700,7900,5500,7000,9100,5250,8050,7850,7150,8300,9950,5900,9400,7900,6900,8000,7100,6850,9100,8350,6350,6600,7250,8450,5950,6400,8500,8250,11100,7750,7950,5500,7250,7400,6000,7200,7950,7250,6850,6200,7750,7050,7600,7700,8100,6650,7500,7650,6350
4800,4250,4200,3950,4500,4700,4950,4900,5450,4300,3900,3800,5200,4450,3150,5400,4600,4700,3200,4900,3700,4950,4600,3900,6300,3350,4350,4950,4700,5950,5450,3650,3900,5150,4550,4600,3150,3500,4150,5450,4500,4550,4650,5450,2550,3150,4450,4800,6400,4350,4350,2900,3950,5400,2950,3550,3500,3050,3750,4500,4150,4950,4050,3700,3700,3250,4050,4950,3750
9100,6300,5500,6200,3900,7700,6200,7300,3300,6700,5400,4100,8700,6000,4500,6500,6900,6600,6500,7100,6000,6900,5200,6300,10200,4400,7500,6700,6400,8700,6500,5400,5000,8000,7300,8400,3400,5100,6900,6600,5300,5000,6500,5700,3000,3300,5200,6100,6800,4000,4700,3800,3600,5700,4000,5000,6000,3600,4100,4500,4900,5200,3600,4500,4900,5000,4500,4700,5300
6150,4150,3300,5450,4500,5200,4750,4500,4000,4650,6350,4900,4700,4050,3700,3650,3800,4150,3800,5350,3400,4150,3950,4200,4650,3700,3950,4350,3900,5500,4050,4100,4600,3100,4150,4400,4750,3550,3750,3300,3200,3250,2600,3950,4350,3900,3900,3300,3150,4500,4000,2500,2600,2700,3250,3950,3250,3250,4200,3400,3100,3000,2450,2950,2250,3050,3350,2850,3300
4440,2840,3420,3140,4000,3000,2760,3140,2760,3020,3400,3500,3000,2700,2700,3560,3140,2560,2800,3020,2260,2980,2720,3000,3380,3000,2700,2780,2380,3200,3380,2760,2520,2540,2020,3200,2560,2480,3080,2840,1820,3100,1700,3260,2280,2060,2640,2080,2820,2640,3260,1880,2120,2460,2100,2380,2020,2380,2520,2580,2580,1980,2240,1940,2000,2180,2280,1880,2040
4320,1980,3660,3440,4020,3100,2940,3420,3300,4260,2740,2660,3480,3040,3000,4080,3260,4000,3240,3320,3160,2900,2800,3040,4180,3120,3040,2760,3000,3160,3120,3740,3520,3420,2420,3240,3280,2340,3380,2400,2360,2640,2580,3160,2920,2100,3120,2320,2540,2500,3600,2040,1680,3240,2540,3160,2820,2960,2280,2580,2700,2220,2800,2380,2180,1960,3000,2600,2140
3360,2800,3000,2600,3280,3240,2340,3540,2980,4020,2760,3180,4460,3440,3140,3120,2900,2400,2960,3220,2880,3760,2980,2880,3280,3260,2940,2960,3380,3520,2900,2740,3240,3280,2180,3140,3140,2300,3000,2880,1980,2560,2060,2820,3160,2060,3120,2020,2480,1900,2900,1980,2280,3520,2000,2760,2760,2680,2540,2340,3240,2020,1880,2840,1660,1520,2460,2500,1880
6800,4550,5150,5350,6100,4850,5550,6600,4800,7000,5150,6200,8750,6400,4700,5750,5850,4800,5650,5500,4700,4900,4750,4300,5900,5350,5700,4250,5400,5750,5500,5000,5900,5750,4300,6250,3900,4950,5100,4950,3400,3650,4350,5400,5500,4200,5850,3900,5050,4850,6500,3300,3300,4800,3400,4750,4900,4700,3750,4450,4650,3350,4200,4500,1900,3950,3750,3450,4150
7800,7200,5300,5300,7600,8800,6800,6900,5600,8600,7400,8000,9200,8100,5100,5500,9100,6700,6800,7600,8900,5800,7900,8500,8100,8000,6900,7100,7900,4800,6400,5100,6800,6900,3600,8800,6300,5900,6700,5300,5800,5700,4700,4700,6300,5300,7500,6300,4900,3900,5500,4400,5000,4300,2800,7300,5400,5000,4600,7000,5400,4800,5800,6600,3600,5900,3800,4500,4200
3980,2870,2010,2800,3060,2670,2590,3660,2480,3460,2530,2430,3660,2550,1770,4410,5390,4840,4290,6390,4420,6370,4050,4170,4760,3710,5130,4730,4390,6070,5510,4240,4160,4040,3780,4200,5170,3200,3670,3890,2910,4450,3900,4550,3660,4200,5400,3800,4440,3720,3470,4130,3640,5300,3780,3910,3390,4520,2970,3250,5520,5090,6190,3610,4410,4970,5080,4290,4470
4000,2950,5200,4100,5550,5150,5500,7250,3850,5800,4050,5850,5400,5200,3850,4850,6250,5250,3350,5000,4250,6950,5400,7100,6650,6050,5850,6650,6150,4750,4800,5850,7450,5000,5050,6350,5550,6000,6150,5400,3600,7750,4200,5100,3200,5400,4350,3800,4750,5800,5100,4300,3850,5250,3100,4500,4850,6500,4550,5350,5100,4000,6000,4900,5600,5650,3650,4000,3800
4200,4450,5500,5850,7000,7000,7300,8600,7150,7400,5550,8050,7950,6750,5900,6800,8500,6450,7500,7000,7400,9100,4600,8950,8800,6600,7650,10300,9150,9700,6300,10300,8900,9050,7900,9850,8650,8700,9850,7450,6500,9750,6750,7550,6550,6950,7250,5700,9000,8850,8000,8050,7650,6900,7500,7050,8750,6950,8150,7900,10250,6300,9400,7250,8050,8700,6600,6750,7050
2000,2080,2460,3140,2840,2820,3440,3760,3040,3380,2900,4200,4060,2720,3340,3640,4760,3500,3200,3940,3020,4440,2780,4280,4260,3900,4800,5100,5120,3800,4040,4120,4120,4100,5160,5460,5340,4680,5360,5240,4020,5360,3460,3520,4160,4180,4400,4560,4820,4880,4680,3940,4020,4280,3760,4620,3800,3620,4260,5380,5020,4000,4380,3320,4160,4220,4140,4740,5100
1940,1760,2520,2000,3000,2500,3080,4160,2680,3340,2760,3080,3920,2920,2980,3140,4080,2960,2460,2980,2620,3340,1660,3520,3820,3100,3840,4560,3880,3640,3460,3080,4460,3760,4580,4340,4880,3560,5220,3520,3060,4700,3620,3560,2780,3880,2500,4100,5340,5000,3900,2760,3060,4060,3440,3720,3380,3620,3740,5420,4100,3960,3880,3500,3740,4380,3380,4020,4580
2140,2980,3000,2540,3340,3160,3540,5300,3400,3740,3700,4040,4780,3780,4040,4080,5740,4000,3600,4920,3800,5820,3060,5060,4240,4220,4820,5440,4680,4140,4580,5080,4640,4500,5840,5660,4560,4620,6400,4740,4400,5800,4220,4480,3800,4600,4020,4020,5080,4920,5340,4440,4480,4120,4060,4300,3700,3500,3820,4480,5600,3760,5540,3560,4680,4020,3080,4020,3940
2280,1760,2680,2140,2340,2580,1800,2420,2480,2400,2280,2580,2840,2500,2180,2860,2800,3060,4300,3300,2360,1860,2580,2280,2560,1700,1840,2460,2620,2440,2260,2580,2260,2300,2160,2200,1780,1420,2180,2280,1960,2800,2300,2160,2120,2380,2120,2380,1880,1880,3220,2040,1660,1780,1540,2280,2040,1800,2220,1720,1760,1660,1560,1620,1180,1380,1220,1740,1620
4680,3460,4000,3660,4360,4680,3600,4260,4860,5720,3900,4040,4980,4320,4040,4920,4740,4200,5360,5780,4140,4380,4360,4200,5320,3920,4240,4240,4440,3600,4520,4700,4820,4580,3740,4200,3900,3800,4540,4400,4580,4280,4820,4400,3880,4380,4020,4600,3660,3900,4760,3980,3260,3920,4100,4620,4400,4100,4160,3800,3760,2900,3600,3200,3440,3400,2940,3520,3420
4600,3880,4240,3220,4320,4680,3640,4900,4840,4320,4720,3980,5440,4240,4140,4620,4420,4160,5120,5260,3980,4980,3940,4040,5500,3880,3860,4680,5500,4300,4480,4720,3660,5000,3940,3900,3720,3640,4440,4400,4380,4800,4640,4200,4160,4420,4360,4260,3800,3620,4800,3640,4220,4220,4200,4640,4460,3860,4020,3940,3800,3580,3700,4060,3900,3920,3780,3040,3180
3280,2500,3320,3280,3520,3420,2660,3420,3980,3220,3740,3780,4380,3780,3260,3440,3440,3360,4320,4320,3000,4220,3500,3440,5180,3080,3120,3160,3900,3600,3420,3440,3660,3420,3300,2640,3200,2800,3480,3260,3200,3200,3520,3700,3360,3440,3180,3700,3100,3280,3640,2960,2840,3600,2980,3220,3560,3060,3660,3240,2560,2200,3440,2360,3220,2700,2500,2520,2620
5400,4400,6000,4100,5900,5750,5250,5900,6050,6900,6200,6050,7400,4850,4900,7850,6600,7000,7100,7000,5550,6750,8100,6400,8550,6000,4700,5800,6450,4950,6000,7300,5200,4800,5750,5350,5100,4600,5700,5350,4650,5750,6100,6000,5300,5100,5600,6100,4500,5500,5650,4650,4650,4100,5450,5700,5450,3650,5600,4500,4750,4250,4450,2850,3800,4750,5050,3900,3900
5350,3700,4400,3950,5500,5650,4350,5300,7000,6200,6300,5100,7400,5650,4750,5400,6400,6800,7450,6000,4750,6650,5650,4750,6950,5250,4500,4600,5850,5400,5150,5450,5550,4700,5300,5200,4750,4200,6350,5500,3550,5650,4700,5600,5900,4250,5650,5250,5200,4250,5600,4500,4100,4650,4450,5450,4350,4500,4900,4750,3950,3050,3750,4150,4350,4150,3350,4500,4100
5500,3600,5150,4600,6000,6600,4400,5900,7300,7300,6050,5850,7850,5950,5800,5750,6750,7800,7450,6900,6550,8250,7250,6750,9000,5250,5100,7700,6950,4650,7200,8650,5750,6700,6150,6650,6400,5550,7100,6450,5350,7750,6250,8700,6600,6450,5600,7000,6650,6500,6850,6350,4850,6900,5600,5700,6250,5500,5950,5450,6150,4400,5150,4450,5200,5200,4750,4850,5600
5200,4500,6100,5200,6500,6750,5200,7750,8550,7800,7500,6450,7300,5850,6450,7300,6600,6250,8950,7850,5700,6500,7600,6350,8100,7000,6200,6450,7200,6150,6250,6650,6650,5850,5600,5300,6750,4950,6750,5850,5800,6150,8850,7650,7800,6500,6350,7300,5650,6400,6900,8150,6550,6050,7600,7750,7150,5900,6350,6050,6400,4900,5500,5100,6450,5350,6250,6400,5350
4400,3950,5500,3900,5100,5250,3750,6050,5850,5850,5000,5600,5900,4200,5200,6250,6000,6850,6650,7700,4950,5450,6200,4750,8400,4850,4450,5000,6700,4750,6100,7050,6050,6100,5800,5150,4550,4850,5350,6200,4200,5800,6100,7550,6100,5400,6150,5600,5300,4950,6250,3950,4350,6100,5450,7200,5050,5250,5100,4950,5100,4500,5550,4850,5100,5100,5250,5350,5550
3400,2400,4450,2750,3250,4500,2250,5850,5250,4200,3700,4250,4250,3450,2800,4900,4700,4500,5000,4750,3800,4050,4450,4650,6000,3900,3650,3450,5400,3650,3800,3600,3950,3700,4100,3450,3100,3300,3300,4450,2950,4150,4350,3650,4600,3650,3350,5100,4150,3500,4950,3550,3750,3550,3900,4550,4150,2950,4700,3100,3350,2150,4000,3900,3100,4050,2500,3700,4600
950,950,2100,2350,2100,2400,2200,2700,3000,3100,5050,1550,3550,2700,3250,2800,2700,2800,3000,4250,4250,4900,4250,3900,5450,3800,5050,4350,6300,5750,5900,5400,6150,5500,5750,7600,6300,5200,8250,7050,5900,7000,8800,7350,7700,7450,6900,8900,9350,6300,7950,8450,8600,8100,8750,10650,7700,7100,8400,8600,8400,7450,8150,6850,7600,8250,9300,9650,6850
700,900,1550,1350,1750,2150,1550,2650,2150,2900,3150,1050,2650,2000,2450,2550,1800,2600,2750,4300,2850,3700,4500,3500,3950,3200,3550,4050,5750,5350,4000,4650,5300,5800,4800,6200,5500,4250,5400,5550,5000,7050,6900,7750,6400,6050,6250,7650,7750,5550,7150,7600,6050,7500,7600,8400,7950,6700,7650,6850,7150,5850,7450,5900,6800,8050,6700,7650,7050
2700,1650,3400,3100,3550,3250,3350,4000,4150,4350,4100,2600,3550,3800,2550,3500,3500,4700,4700,3700,3500,3850,6300,5100,8250,4700,4950,5250,5450,5450,7250,5250,5950,5750,5800,8150,7700,6100,8650,6350,6550,7850,6600,7200,6250,6150,6700,9400,8400,7700,9500,7050,6450,9450,5400,10900,9400,8800,10800,10050,10550,9650,10150,8150,8250,8800,9850,9650,9650
1070,1060,1260,1310,1090,1240,1080,1500,1320,1580,1400,1120,1270,1640,1230,1390,1890,1590,1660,1620,1950,2330,2510,2200,2840,2600,2510,2530,2990,2760,3200,2810,2470,2760,3460,3330,3530,3520,4110,3630,3270,4230,4040,3360,4390,4320,4080,5250,4900,4520,5590,4130,4340,4630,3940,5640,5230,5220,5420,5120,5610,4940,5130,4400,5350,4960,5420,5770,4710
1420,1050,1610,1660,1460,1540,1560,2010,1850,2180,1950,1320,1850,2070,1770,1810,2090,2030,2340,2010,2340,2830,2460,2470,3080,2970,2840,3070,3540,3250,3640,3130,3240,3680,3830,4130,3700,4060,4820,3780,3600,4640,4100,3690,4180,4210,4390,4540,5360,4490,5410,4600,4470,5280,4130,5730,5230,5440,5380,5480,5350,4420,5690,4520,5280,5540,5080,6120,4400
2480,2100,2980,3120,3000,2940,2520,4220,3680,4060,4300,2860,3960,4000,3580,4360,4220,4520,4520,4200,4400,5920,4700,4080,6160,4640,5160,5440,6920,6640,6060,6200,6340,6300,6740,6580,6500,6240,7720,5980,5960,7260,7000,7140,7080,7260,6880,6860,8900,7780,7900,6600,7220,8040,6840,9100,8160,9360,8360,8500,8080,7520,8520,6740,7520,8260,7140,8420,8040
2020,1540,2000,2360,2200,2460,2000,2840,2520,3400,3140,2520,2700,2880,2340,3280,3420,3040,3740,2600,3200,4320,3480,3000,4920,3060,3880,4060,4500,4240,4360,3780,4060,3940,3880,4920,4140,4100,5140,4280,4240,5620,4900,4680,4660,4940,5080,5080,4900,4620,5320,4740,5160,5460,4880,6020,5900,5240,6020,5820,5200,4720,6160,4800,5960,5820,6700,5340,5960
3100,2100,3450,3650,4000,5000,3450,4450,4750,6150,4700,3950,4700,5900,5200,5200,5600,6200,5500,6600,5600,6850,6200,5750,8300,5900,6000,7000,9100,6900,6350,8200,7500,7400,7900,8050,7850,6550,7800,8250,6150,9550,8250,8950,7450,6800,7200,9400,8350,7500,10400,7800,8000,8150,8000,11200,8450,9850,9800,9400,9300,8200,9200,9050,9500,9900,8200,9950,9850
2800,1200,2500,2800,3050,3050,2500,3950,3750,4650,3850,2250,2750,3950,3050,3750,3600,4900,5350,4450,4250,4050,5100,3900,5300,4700,4250,5900,5650,5350,5350,5000,4750,6900,5350,7550,5600,4800,6600,5650,4600,6300,5700,6500,7600,4750,4900,7500,6000,5800,7800,6750,5950,8400,5150,9000,8050,6250,8000,6100,6300,5700,5950,5900,7700,8250,6650,7500,5800
2650,1750,2450,2050,3450,3300,2600,3550,3550,4400,4350,2500,3200,3350,3450,4200,6600,4900,5250,4450,4300,4500,5600,4750,6000,4500,4100,5600,6650,5400,5000,6400,4700,6950,6550,8250,5200,5200,5600,6000,5300,7100,6600,6300,6700,8100,7850,7550,6400,5350,7850,5950,6400,6350,5800,8900,7900,8100,7000,7350,6100,6400,6850,6050,7400,7100,7100,7700,5650
2200,1700,2300,2950,2450,3800,3050,4200,3850,4600,3500,3050,2750,4250,3750,4500,4750,4900,4900,5750,3950,5450,6800,4900,6600,4300,4900,5200,6000,5650,5050,6700,5050,7200,7100,7150,7000,5600,6800,7050,7200,7950,8200,8250,7400,7000,7600,8950,8550,6900,8550,7500,8500,8600,6850,10150,9400,8800,8250,7300,8400,7450,7850,6850,8950,9550,9000,9350,7850
1880,1100,2160,1600,1900,1860,1780,2100,2940,2420,2660,1980,2520,2220,2920,2600,3300,2560,3160,2160,2160,2840,2400,3020,3580,2460,3060,2600,3740,3500,3000,2400,2440,2540,2420,2800,4360,2880,3340,2780,3120,2420,3260,3080,2860,3080,2680,3260,3380,3480,4680,3140,2780,3220,2840,3120,3460,4120,3380,4100,3820,3740,3640,2700,2960,3760,3340,2920,3240
2940,2720,3620,2680,3460,2880,3140,4000,4360,4220,4300,3020,4840,4080,4280,5540,5100,3820,4980,4720,4780,5160,4740,5580,6500,4360,5600,4820,6340,5880,6320,5540,4440,4800,5320,6000,7040,5320,7240,5840,5660,5180,6600,6480,5860,6620,5560,5980,6740,5980,8940,5660,5660,7020,6940,7380,6280,7040,7540,8280,7060,6780,7880,5760,8020,7380,7120,7240,6760
2780,2480,3180,2760,3540,2880,3100,3540,4480,3800,4040,3080,4820,3820,4520,4720,4540,3720,5260,4100,4240,4400,4360,5420,6020,4380,4580,5140,5340,5860,4740,6040,4280,4960,4820,5700,6520,4840,7160,5480,5800,5860,6840,6420,5880,6620,5520,6460,7380,6800,7640,6120,6000,7200,6280,7220,7460,7320,8020,8260,8880,8240,8840,5860,8420,7800,7980,6680,8100
2300,2140,2760,1900,3140,2160,2060,3480,3340,3180,2800,2780,4180,2820,3500,3860,4040,2900,4400,3680,2960,4020,3360,3480,4820,3100,3200,3400,4320,4040,3600,3880,3140,3340,3540,4800,5400,3680,5860,4000,4380,4080,4780,4180,4060,4620,4320,4800,4760,4780,6260,4760,4160,5000,4940,5900,4700,5040,5820,6420,5660,5160,5400,4000,5560,5740,5540,4940,5600
3500,3100,4400,3000,4900,4200,3550,5700,5000,5600,4800,3950,5850,4050,4950,4400,7200,4400,6650,5750,4350,4950,5200,6450,8400,3950,5000,6100,7900,6250,4250,5750,5050,5600,6600,6300,7100,6000,7550,6300,5900,6400,7900,7750,5950,6800,6000,7650,6900,5450,8600,6250,5550,8100,7850,6850,7050,7400,8300,8550,6850,7350,7650,4850,8350,9750,8350,7150,9500
3200,1650,2100,1700,3900,2650,2350,2850,4000,2800,2850,2250,3450,2550,2550,3450,4000,2700,4450,3800,2950,3300,2100,3700,6000,3050,2250,3150,4650,4750,2400,4000,2500,3350,3750,4300,4150,3050,4950,3200,3350,3850,3850,4200,3500,3800,2850,4550,3300,3250,4600,3100,3700,4150,3950,4450,4500,3450,4000,3750,3450,2850,2850,2350,3950,4200,3350,4850,5050
3750,3300,4500,4200,4300,3500,4600,5050,4400,4300,4300,5300,5750,5250,2900,4350,4100,4750,4950,4500,4200,4900,4900,4650,4850,5000,6050,4300,4300,4800,4850,4150,7050,6250,4650,4650,5350,5150,5100,4150,4500,5100,3800,4150,5150,4100,5000,5200,6500,5050,4300,5700,4950,4950,4250,5300,4400,5000,5850,4300,5550,4400,4450,4450,4700,4800,5000,4500,4400
8400,4600,6250,5300,6500,5300,5550,5950,6050,7850,8400,7350,5450,5800,4700,6050,7300,6700,7300,6100,5950,6900,6300,7550,7900,5800,6100,5350,5650,6000,7450,7300,5550,6100,5300,7000,5800,5750,6650,6700,5550,7500,6800,5700,6800,7950,6600,7550,8500,8350,7000,7050,7200,6150,7700,6900,6750,7200,7100,7550,6550,6550,7550,5600,7850,6900,6600,8400,6650
5760,4190,4910,4870,4750,4930,4910,4750,5020,6380,5910,5880,7400,5300,5500,6290,6530,5560,6560,6270,5410,6220,5700,6930,6890,5390,6790,5810,6130,6440,6660,6470,5860,5910,6240,7160,6450,5340,6750,6420,5670,6490,5690,6220,6060,6220,6610,7750,8580,6430,6980,6360,6520,7090,6140,6710,6680,6760,7390,8050,8040,6210,6700,6180,7240,6610,6830,7400,6550
5520,3880,4840,4360,3800,4560,4560,5120,4320,5380,4860,4560,5820,4260,3720,4500,5200,4300,5460,4800,4500,4640,4600,5400,5220,3700,5180,4360,3920,4760,4600,4580,4300,4920,3940,5640,4800,4120,4940,4540,4100,4940,4660,4180,3960,4380,4480,5860,4760,4440,5020,4200,5380,4640,3680,4280,4240,4160,3960,4940,4740,4660,4060,4360,4580,3860,4460,4640,3660
7300,4200,6900,5000,6250,4800,6050,4750,6000,6950,7550,5500,5850,4900,4300,6700,6600,4850,5600,5950,3850,6200,4700,7050,5850,4500,6050,4700,5750,4550,4800,3450,4750,4600,4900,6000,4850,5350,7500,5600,4650,4600,4900,4550,4300,6000,4600,5950,5700,4650,5550,3200,4300,4150,4050,3600,4700,5200,3700,3450,3650,3000,3400,4050,4150,3550,3350,4000,3550
5900,3100,4800,3600,3750,3500,4400,2050,3300,4300,4850,3850,3550,3300,2550,3250,3800,3250,3050,2800,2650,2650,2950,3350,3150,2300,3250,2300,3150,2700,1800,2950,2850,1900,2100,2050,3150,2050,2750,1800,2100,2450,2050,2550,2150,2250,1950,2500,2200,1850,2000,1850,2000,2350,1650,2150,1650,2700,1550,3050,2700,1450,1600,2050,2150,1750,1900,2000,1800
7300,3550,6050,7350,4850,6100,6400,5050,4950,6950,6600,6100,5550,4950,5000,5950,6000,5950,6950,5300,4200,5250,5350,6350,7150,4850,5850,5300,6650,5850,5800,5750,5300,5600,6250,6100,5950,5250,7000,4800,5100,6150,5550,5350,5100,4750,4850,6100,6300,5450,5950,4850,5200,5150,4900,5350,5600,5350,6850,6000,5800,4150,6250,4400,5300,5200,5850,4200,3850
5500,3250,4100,4300,4650,4550,5350,4200,4850,5200,4800,5000,3900,3350,3850,3500,4300,4100,4500,4400,3700,4600,3550,4900,4650,3000,4350,3600,3900,4150,3400,3650,4200,4100,4200,4350,4650,4550,4100,3250,2150,3550,3700,3050,3600,3700,3550,3900,4700,3750,2800,3950,3100,3300,3800,4150,3450,3150,3400,3550,4450,3850,3200,2800,2900,3100,3750,4150,2900
7700,5200,6800,6300,6900,7300,5100,8200,6700,5100,5000,5600,6500,3900,5800,5400,5900,8000,8500,5200,6400,5600,7500,8400,6700,5600,5600,6100,5500,6300,7100,6700,5800,5000,6700,8200,8800,6700,6700,6500,5300,9100,4600,7000,6200,5700,4600,6500,7000,6600,6700,6300,5600,6400,7100,5500,6900,6700,4900,6300,7800,6000,5700,6500,5900,5500,4700,6900,4500
8120,5600,7080,4600,4020,5300,7520,5520,6160,4760,5840,3600,7260,4700,4560,5700,6260,5280,5020,5760,4920,5900,3720,3320,6940,5220,4560,4040,5100,4380,4780,4020,6720,5740,4260,4580,4740,3320,3680,4360,4440,3340,4120,4000,4820,2980,5000,4620,4560,3260,5980,2720,4060,4360,4000,2780,2900,3300,2920,3540,2340,3700,2540,2980,3540,3240,3300,1760,2760
4520,3180,4320,4320,3420,4100,4660,3540,3520,4180,3180,3500,6240,4260,2320,4400,4360,3320,4500,4280,4520,4940,3700,5380,3600,3120,4020,2940,2800,4780,4560,3380,3680,3360,2000,3020,2740,3040,3740,1820,2200,3260,3040,2620,2680,1820,2360,2400,2760,2280,2720,3260,1940,3240,2860,2600,2320,1860,2220,2820,2900,1900,2460,1380,2880,2520,520,1100,1600
6080,3960,6220,5460,5720,6460,5200,5100,4880,5500,5100,4100,8340,5900,4180,6440,4120,5240,6120,5900,5520,6540,4100,6680,5980,5020,5480,4500,4660,5260,5800,4800,5600,4900,3200,4200,3020,3220,5480,3660,3000,4300,5240,3440,3960,2760,4060,4060,3640,4020,3800,4620,4760,4960,3520,3260,4380,2560,2040,4000,3840,2780,3060,2260,3940,4040,2960,1040,2440
3260,3820,4780,4960,5300,5320,4420,4760,4720,5240,4180,3200,6580,4600,3120,5640,3340,3300,5000,4820,3880,5340,3940,4720,4080,2960,4700,3660,2700,5160,4620,3200,3240,3360,3020,3660,3340,3020,4140,3380,2420,3400,4240,2840,3460,1800,2700,3360,3820,3100,2680,3720,2520,3000,2540,1500,2580,2100,3280,3080,2940,2340,2740,1360,3660,3100,2380,1240,1960
5740,4660,7080,6560,6600,5740,7160,7180,3480,3160,3540,6400,4520,4600,3300,5720,7460,4640,5420,2880,3600,4820,3540,3520,4220,3480,3940,2520,2680,2220,2640,4760,3360,4020,3500,3760,5520,2880,4320,4340,2400,3000,3120,3200,2240,1820,2820,3780,3360,3120,3960,1840,1880,3780,3960,2640,2940,2380,2180,2620,4420,3260,4280,1860,3000,1440,1360,3000,2400
5960,3960,6200,6020,5400,5320,6620,6480,3860,3760,4000,5120,4880,4240,3800,3280,3380,5080,5160,4120,4080,3960,4680,4820,5400,2180,3740,2880,3160,3500,2820,3140,2640,2920,3460,4360,3480,2400,3960,4060,1940,3120,2040,3080,2240,3240,4020,3160,2520,3480,4440,2040,1320,3780,4580,1760,2820,1640,2880,2300,2920,2640,2880,1200,2200,1440,960,2180,1320
7540,7380,7520,6580,5100,5640,7460,8420,5540,4960,3600,6060,4140,5840,3680,3280,3620,5100,7220,4200,3600,4240,5880,4060,5880,3720,4160,3480,3060,2200,3120,4320,3640,3660,4920,3660,4600,3360,4740,4320,1200,3820,2300,3580,2140,2900,3900,2920,3940,2780,4680,3060,2920,4320,4080,2840,4040,1540,3640,1600,4820,2640,2220,1920,2760,1220,1340,2920,1440
8980,7200,7920,5380,6240,6860,7200,8040,5880,4980,3820,5080,5000,5600,2820,3200,4720,4600,5400,6640,2400,3640,6000,5640,5160,3600,3020,3020,3280,3480,3840,3480,4320,4140,3780,4380,3480,3360,3060,3500,1580,3860,2760,2760,4280,4000,3040,3920,3640,3940,4080,1840,2500,3060,3200,3520,4400,1760,2760,2460,2680,1680,1920,2300,2400,1560,1080,2280,1320
9240,6940,8520,7520,7280,7560,8000,8280,5780,6200,5780,6540,5540,6080,5080,5320,4460,4480,6020,5480,3120,5340,6240,5640,4820,4560,4460,3760,3440,2900,4780,3000,4820,4020,5580,6880,3520,2040,4240,3840,1240,3380,2820,2880,4400,1900,2880,3100,4480,4240,4440,4220,2200,3520,4740,2980,3040,1920,2780,2920,3840,1680,1740,2240,1660,1220,980,5120,1800
11680,7520,8520,8960,8420,8260,9580,8460,6400,6060,6120,7200,5940,6920,3160,5200,6820,6240,6600,6320,5040,6400,6280,5420,6280,4600,5360,3520,5160,4320,3520,2680,4620,4420,4560,6020,4100,3600,3960,3360,2300,5140,3340,1760,2700,4460,4440,5500,2860,4880,5540,3520,2440,3060,3980,3240,3840,2400,3620,4760,3740,2100,2420,1680,3720,1760,1120,3260,2300
6640,4820,5670,4240,4210,4770,4950,3710,4370,3440,3790,3250,3240,4150,2360,2200,2950,2990,4500,3450,2160,2370,3050,2800,2680,2280,3240,2130,2940,1950,2170,1540,3140,1980,3100,3370,2340,2120,2280,1760,1510,3130,1960,1230,2050,2870,1150,1840,2210,2780,2460,1610,1470,2190,1890,3700,2070,2320,1810,2170,2090,1380,1580,1110,1060,1220,1060,2220,1020
7660,5890,6540,5770,5890,5610,5050,5600,5790,5450,5990,4350,5470,5830,3000,3510,5210,4720,4920,4860,3210,5050,4700,5060,4420,3220,4690,4660,3310,4830,4810,4250,4340,3350,4430,4480,3590,4100,4880,3290,3370,3860,3990,3020,4740,3920,3120,5220,3570,4800,5020,3200,3110,4100,3920,6740,3880,4610,3910,4690,4340,3660,3860,2870,3530,3640,2470,2630,3480
7110,4530,5160,5000,4385,4385,4915,4850,5515,5325,5675,3920,5170,4225,3460,4500,5565,4325,5740,4685,2980,4535,5075,4530,4370,3940,4230,3990,3220,4775,4595,4950,3745,3665,4340,3790,4745,3890,4605,4055,3190,3635,4665,3400,4875,4030,4575,5550,4865,4620,4235,3865,4350,4490,3840,5905,4720,5040,4735,5780,5540,4705,4600,3920,4240,4715,4185,4325,4255
5080,3738,3584,3360,3804,3746,3520,3650,3252,3476,3668,3578,3446,3396,2776,3140,3390,2988,3378,3534,3244,3296,3728,3910,3916,3096,3616,3296,2742,3682,3248,3270,3552,3186,3578,3420,3470,3072,3644,3626,2706,3650,3894,2886,3492,3564,3730,3894,4180,3522,3800,2796,3268,3938,3626,3820,3414,4232,4048,4090,4160,4124,3360,2972,3176,3606,3490,4142,3482
7778,4960,6152,6210,6516,5904,5554,6298,5466,6482,6134,5446,7620,5628,5042,6062,6150,5750,5896,5752,5118,6196,6134,6694,6688,5578,6518,5658,5614,6504,5504,5838,5970,6152,6030,6730,6366,5864,7614,5674,4928,6424,5750,5844,5854,6080,5876,6848,7502,6734,6440,5254,5896,5724,6178,7158,5950,6986,6730,6998,7324,6708,6134,5070,6500,6796,6024,6364,5840
9520,5894,7400,7378,7112,7232,7702,7854,6324,8262,8248,7304,9692,7388,6290,7794,7586,7850,7634,7504,7094,8008,7514,8988,8674,7242,8520,6980,6596,8080,6778,7126,8284,7786,7702,9572,7466,6922,9002,7678,6358,8728,7140,6996,7316,7684,7614,8730,9310,7218,7800,6838,7404,8088,7428,7262,7562,7054,8552,8612,8882,7400,7112,6108,7182,8332,6824,7982,7812
8372,5820,7124,6218,7464,7200,7022,7198,6694,7812,8120,7192,9026,6780,6432,7140,7774,7784,7574,6468,7130,7468,7328,8080,7858,5472,7584,6048,7120,6906,7234,6682,7900,6582,7976,7358,7494,6406,8642,6854,5966,7560,7168,6196,7302,6780,7132,7446,8922,7076,7630,6100,6642,7222,6450,6802,7472,6448,7000,7348,8100,6048,6668,5876,6134,6864,6300,7920,6784
5548,3436,4486,4188,4142,3866,4582,4506,4180,4514,4150,4240,5800,4008,3608,4432,4240,4576,4320,3490,3854,3808,4396,4038,5000,3248,4694,3390,3568,3882,3558,3924,4576,4014,4140,4192,3988,3748,5328,3990,3046,4478,4082,3274,3894,3582,3916,4210,4804,3816,4060,3836,3790,3488,3608,3816,3778,4250,3776,4468,4106,3678,3868,3432,3382,4118,3652,3856,3334
6985,5295,5570,5095,6045,5065,5360,5365,5010,4965,5665,5575,5855,5705,4130,6045,5595,5290,6605,4335,4545,5045,4760,4695,6085,4015,6235,3945,4335,4115,5000,5655,4120,4880,4665,5405,5485,3885,5790,4715,4160,4965,4580,3425,4280,4490,3245,5420,6115,4425,4925,3925,3930,4230,3770,4560,4040,4020,3915,4910,4825,4800,4775,3870,4560,5435,3905,4385,3670
5215,3945,4400,3645,3615,3350,4030,3425,4045,3670,3470,3685,4355,3875,2755,3310,3340,2770,3655,3620,2915,3155,2995,2875,3370,2565,2760,2755,2535,2595,2575,2945,4080,3130,2210,2745,3235,3365,3680,3320,2155,3035,2685,2785,2900,2620,2800,3285,3575,2705,2560,2760,2670,2415,2350,2975,2220,2830,2245,2740,3300,2700,2170,2040,2400,2520,2190,2880,2410
7920,5450,6710,6490,5830,5500,6410,5740,6100,5690,5530,5160,6350,5450,3300,4450,5310,3570,5070,4570,2840,5240,4400,4680,4860,3920,5110,3730,4020,3370,3360,3740,3950,3500,4020,3530,4100,3340,4940,4340,2020,3990,3100,3020,4150,3430,3440,3660,3590,2920,4440,4610,2310,2520,3100,2680,3210,2620,4350,3200,3330,3100,2550,1920,3590,3000,2570,3390,2430
7110,5080,4880,4500,5090,4930,5040,4160,4400,4120,3800,3320,3830,3800,2950,2620,4400,2890,3350,3150,2410,3930,3450,2800,3630,3220,2460,3210,2570,2480,2260,2730,3190,3050,3240,3260,3000,3180,3280,2220,1650,2010,2820,2160,2820,2590,2180,2490,2950,1640,2500,1360,1990,2310,2190,2290,2230,1820,2010,1910,3240,1840,2070,870,1620,2160,2070,2820,1600
8580,7120,7060,7200,8520,7440,8840,6060,8280,5140,6720,4900,3920,5620,3640,3720,6160,4460,4140,4520,2280,5020,4880,4120,4900,2580,5520,3140,3240,3000,3500,3920,4340,4760,3420,4860,3960,4720,3960,5060,1320,4400,3460,3260,3040,3220,4320,3960,2620,2040,3820,2680,2560,2960,2960,3380,3440,3380,3580,2720,3500,2420,1700,1260,1800,2240,1880,4120,1480
8560,7840,5520,5680,6880,6380,6940,6800,11380,4900,5460,4640,3880,5000,3760,2860,4960,5960,4000,3900,1960,5220,3880,4080,4320,3360,3180,3460,2620,2780,3600,4120,3600,4840,4160,3560,3180,2100,3740,3620,1080,2440,2180,3000,3020,3360,3040,4100,2960,1940,3400,1920,1860,2600,2660,2520,2940,2700,1980,2300,2540,2040,1880,1760,620,1960,1700,3640,2320
6980,6100,6520,5300,5540,7760,5700,5660,6560,4520,4820,3880,2900,3880,1960,3100,4920,4880,3200,4080,480,4420,4100,4580,3720,2600,3040,3140,3360,3000,2560,2640,3240,4900,4020,2740,2920,3160,3720,2680,1680,2400,1340,1720,1840,2640,2200,3320,3040,1340,3760,1580,2060,2540,3700,2540,2620,1760,2000,1960,2900,2060,3080,740,1000,980,1480,2900,520
6380,4940,6400,4860,5640,6480,5460,4920,5960,4140,4880,5760,3180,4240,1480,2280,3740,3920,5540,2280,1200,4500,3740,4920,2880,1800,2540,3260,2220,2520,1920,2280,3200,3480,3100,2220,3020,2040,2540,3380,1700,2420,1820,2760,1540,2340,2340,3920,2200,1320,3600,980,1580,1920,2900,3780,3660,1920,2320,2000,3280,1380,1720,1120,1100,1560,1040,2780,1820
7460,3720,5820,6240,6720,5720,5840,3740,6100,4840,4640,4100,4760,4360,2560,3920,4940,5000,3260,2720,1200,4020,3540,4640,3160,2420,1840,3260,2860,2900,2240,2320,4080,4360,4040,1660,2780,2640,3860,3040,1320,3260,2220,2040,1880,3180,2320,4680,2360,1960,4220,1580,2200,1560,2640,2280,3180,2420,3140,2700,2060,2540,1720,2180,900,1200,760,3040,1260
5780,3640,6320,6840,5840,5380,4200,4600,6080,4200,3820,3800,2620,3480,2820,3340,4480,4020,4320,3040,1820,3880,3360,3780,2160,2280,1340,3040,2500,2160,2340,1460,3800,4240,3260,2000,1840,1880,4600,3260,1100,2220,1700,1440,2460,3520,4160,3340,2820,2300,5080,760,2780,2280,2640,2880,2340,1400,1980,2260,2600,2320,2060,1240,1700,1100,1700,2320,1920
2280,7440,3240,5160,5280,8760,4200,4200,6360,3720,6240,5280,5160,2760,3480,5520,4200,3480,5160,3360,5640,7320,2760,3120,4080,2760,2400,2880,5400,5880,3360,5520,2160,5280,3240,3960,3720,1920,1920,3960,2280,3960,3840,2400,3120,4320,3240,4800,2520,3120,2880,4320,5400,4320,3360,2880,3120,3720,3120,1560,2400,3240,3480,3600,3120,2160,5520,5760,4680
6120,2760,5160,3120,6600,4080,4320,2880,6240,4920,2760,3360,5760,4920,3600,4680,4560,8640,3840,5280,4800,5280,6720,3960,6000,4320,3840,6600,6000,8040,3120,6360,7440,4320,4800,3840,2160,3360,4200,3840,3840,4440,7800,7080,3240,3840,7080,4680,2280,3000,1560,6360,3000,5040,3000,6480,7440,1680,3000,2400,7320,1560,3600,1800,1320,4320,1200,3480,3360
2490,2370,3990,4050,2250,3540,3000,3450,3300,4680,5250,3330,2700,2520,2130,3270,3300,3270,3660,2430,3000,3210,2700,3780,2730,2520,2520,3150,2370,3210,3180,2730,2520,2580,2070,2520,2010,1710,2670,2400,2610,3240,2130,2910,2070,3420,2190,2340,2160,1680,2490,2550,2430,2970,2550,2370,2910,2010,2880,2730,2580,2460,2220,2430,2190,2820,2490,2670,2010
5640,5520,5640,5400,5040,2640,6840,6240,8160,5520,3600,6360,3840,6960,3360,5160,3480,6120,6000,4800,3120,5640,2400,5400,4800,3360,4800,3960,4680,6840,6720,3960,5640,5160,2640,5160,6240,5280,2640,3000,4680,4320,1800,5280,5040,6600,2880,4320,3720,5760,4560,1440,6960,2520,2400,4440,2160,1800,3240,3480,4080,4560,4680,1920,1440,3960,3600,6840,2760
3240,3960,4920,3360,5760,4080,6960,4560,3960,8760,4560,3120,7600,6600,3480,4920,4560,2400,4920,6600,4200,4440,5640,4200,4920,6840,5040,9480,4680,8400,3000,9480,5640,5040,4680,6480,4920,5400,3000,5160,4680,5280,5160,6000,4080,5640,5640,3600,3480,2520,1800,4320,3960,4440,3480,4560,6720,3360,3480,2280,7440,2520,5760,720,5280,1080,2160,3000,5760
5340,3360,3360,3840,3600,5220,5400,3600,3360,4620,4260,4980,8880,3180,1920,1800,4320,4260,3840,3600,3060,1740,3360,3060,3900,3540,4800,2520,3720,3540,2280,2460,4440,3420,3300,4140,2160,2100,3660,2520,4560,5040,2460,3000,4800,3240,2340,3660,2640,3360,2280,2220,3720,7020,2820,2400,3840,5040,4860,4260,2280,1500,5340,4380,3060,1980,2280,5520,3900
2832,3624,3528,3168,3360,3180,4272,3144,4140,3948,3732,2748,3996,2796,3096,4176,3396,3324,3840,3336,3768,3516,4056,3480,3384,3996,3724,3036,2988,3960,4692,3492,3096,3648,3288,3660,3576,2880,3288,3612,3456,3444,3624,4116,3336,3218,3120,2892,3648,2688,3420,3408,3156,3828,2846,3060,2964,2712,3468,3132,3336,3012,3132,2880,3744,2544,3120,3264,2616
1200,5100,3000,6000,2400,4800,3600,6300,2700,6300,6900,6300,1500,8400,6000,12300,5700,3300,2700,300,3600,3000,2100,9900,2100,300,2100,3300,3900,2400,4800,3600,3300,4500,900,2700,300,1500,3000,2100,2100,600,3900,1200,600,1800,300,300,3900,1800,3900,1500,4500,1200,3000,3900,600,2400,1550,1800,1200,2700,1200,2700,3600,2100,2700,3000,3600
6480,4140,7680,7500,4380,3600,7320,9120,5400,6720,4320,3300,4560,5520,4500,4500,5400,6780,5040,6660,4380,6780,4140,4500,4560,4260,5100,6060,2940,7440,7620,5940,5040,4020,5440,4440,5100,5760,3780,3660,6060,4080,5700,5340,4740,5520,4200,3780,6300,4740,7560,2340,5760,5040,4320,4260,4260,2940,4260,4080,3600,4980,6540,3180,3420,3300,3540,4140,4620
4440,4020,4620,4680,6060,4680,5160,5400,4980,5040,5340,4440,4200,4680,4440,5760,5580,2640,5280,5220,5040,4500,3480,5400,7140,4080,6060,4200,5640,5880,6420,6600,4620,4020,6600,5340,3900,4260,4860,4080,6720,4500,6420,5530,6000,4080,4260,2880,3180,5220,4260,3660,4140,4980,3780,6660,5160,3120,5340,2100,7140,3900,3480,4560,5820,3420,4620,4860,6000
8700,7200,6900,3000,5100,4200,5400,3600,4500,6000,7800,9300,9300,1800,2100,5750,8700,3000,8400,5400,7800,5100,2700,900,600,3300,5400,4800,900,2700,5700,7800,7200,2700,3600,6000,2400,3300,6000,600,8400,12000,2400,3900,4500,4500,6900,3600,4500,3900,2100,4800,5400,6000,5450,9600,5400,8700,3300,3900,6000,4800,7200,3900,1800,2700,6300,3600,2750
6120,3810,3900,4500,4970,5580,5250,4890,6360,4350,5070,4000,5550,3270,4950,5100,5790,3750,5370,5940,3540,3630,4530,5220,4440,3690,6420,4320,4680,5640,4440,5400,3840,5370,4980,4050,4290,5160,4890,4740,5460,5880,3750,5160,5190,4440,4200,4110,3780,4950,5340,4230,5280,6540,3240,6150,4800,6210,5940,4595,5160,3660,5880,5550,3990,6210,3540,5190,5165
2200,2395,3590,2785,2920,3725,3610,5140,3345,3600,3410,3530,5550,3890,4060,4445,4900,4745,3600,5110,4140,5725,3060,5480,5905,4480,5190,4455,4860,5415,4635,5135,5950,4755,5620,6320,4500,4735,6020,5575,4600,6980,4750,4075,3670,5005,5390,4610,4965,5515,5440,4985,4310,5990,5515,5760,5820,4995,5950,5145,6215,4415,4780,4120,4980,5870,4905,5300,4320
3450,4440,4380,3900,5010,5040,6120,4410,4560,6180,5100,5430,6210,3690,3240,5340,4860,7470,5250,4080,5370,4830,4800,3960,4650,4590,4710,5400,4020,4530,7830,6060,3720,5190,3900,4770,5910,3990,5250,4320,5100,5400,5190,4560,4080,5400,3810,5100,4620,4620,5580,4380,3900,5580,3870,5250,4740,3150,3930,5220,4860,3630,5250,4170,4560,4260,4530,5040,4380
3930,3090,3390,6390,4320,2640,4320,4380,3030,3930,2850,3720,2400,4530,2910,2610,3480,4680,4860,3870,2610,4110,2100,3150,3240,2430,3830,3375,2670,5370,3030,2670,3900,3150,2910,2880,3030,2610,1980,2430,3270,3390,2010,3180,3150,3510,2820,2670,2640,2970,4230,1890,3360,2850,2850,2970,2610,2910,4290,2040,3090,3840,3120,1830,3180,2850,2910,4140,3180
2880,1800,1320,2340,2640,1200,2280,3840,3180,4440,3660,1920,2820,2460,1440,2460,3060,2400,4080,4320,1920,2520,1260,2820,3300,3420,3180,3960,2460,4980,2760,3840,2700,3060,3600,3600,2400,4440,3480,3300,3000,3420,2880,3480,3300,2460,3780,2160,2820,2040,1980,3120,1860,3720,3000,2820,5160,2880,4260,1200,5940,3720,4320,1020,4740,3600,2160,3120,3240
6030,5010,5520,4950,5160,5820,6540,5670,5160,7230,7170,4290,6810,3030,3510,4890,4950,5850,6720,5910,4500,5310,5280,5040,5820,4470,7740,4020,6480,4860,6390,6030,4530,6450,4530,5130,4380,4410,5760,5850,4320,6060,4380,4350,6810,5760,5730,5520,4530,4650,4650,4230,5460,5850,6030,4800,5490,6420,6180,5580,5160,3930,6330,5610,5430,4650,4410,7500,5070
3120,3000,2760,1800,2400,3120,4560,2400,2160,3840,2880,2160,4800,3480,960,2760,2160,2160,2760,1800,2520,2520,3240,1680,2760,5040,1680,1320,3000,3120,3000,3000,3960,2640,2280,1920,1800,720,1680,3720,1560,2520,3960,1440,3120,4080,1560,2040,4080,4560,1080,1200,3240,1440,1440,1800,2400,2520,2160,2160,3600,2160,2160,2400,2040,2280,1560,1080,1800
3600,6600,5400,5400,2400,4200,7800,9000,5400,7800,8400,4200,2700,6000,6900,6900,6300,5100,9000,4800,6300,6300,5100,8400,3600,2400,3900,6000,4800,5700,5700,8400,5400,5400,5700,2700,6300,4500,2700,7500,3300,4800,2100,3600,5400,2100,6300,5100,3900,3000,4800,2700,4200,6300,900,3300,4200,3600,3300,2700,5400,3000,6900,3600,2400,3000,4200,8100,2700
6840,5040,7200,4920,7800,6600,5520,3120,5160,8520,8640,5880,8400,10440,2880,8280,7200,4320,4680,5040,2880,9600,4200,5640,5160,3480,6840,5880,5760,5580,4740,3820,4940,5620,4560,3120,5760,2760,5280,5400,4080,6480,2520,5680,4320,6600,5040,4200,1920,2400,4880,2520,5520,4440,4200,3120,2280,2760,6120,4080,5400,6360,1920,2880,4800,5400,3480,3720,5400
6600,2640,4200,3840,4200,4920,5760,3960,4800,5040,7320,3960,3840,5160,4080,6000,5040,4800,5040,6600,3840,7200,4320,3240,4200,3600,3480,7800,4080,6960,3240,5400,3600,3360,7080,5160,4200,3480,6360,5160,3840,7320,4200,4560,9480,3000,4560,5280,2760,4800,3120,4680,3840,7440,3240,4200,4440,3600,6360,4800,5160,2520,6600,4320,4920,4320,4440,5160,2640
1920,5040,3240,4680,2520,2640,6360,3720,2880,5040,2880,3360,3120,2400,4800,3240,3120,1800,2520,1680,2520,5400,3960,3240,3360,4440,3240,1560,2040,3960,3120,2760,2640,3480,1800,3000,3000,1560,3480,3720,2640,1680,5160,960,3120,6720,1800,3120,3000,2640,3360,1920,3120,4320,2520,2280,2880,3600,4320,1560,2420,3120,2040,2040,4200,3120,2160,5040,960
6000,12000,8400,10500,4900,4500,10800,7200,6600,4800,9000,6300,11400,6000,9300,9300,7200,8000,11100,12600,10200,11700,4500,6300,6900,2400,9300,6300,10200,14100,4800,7200,9600,9300,7200,11400,4800,5700,4500,9900,6300,7200,6000,3000,7500,6600,7800,7800,3300,7800,8700,6300,3300,5100,2400,2700,2700,5100,6000,6300,13800,12000,8100,4500,7500,5400,3650,6900,1850
6900,6360,7260,5340,4920,4800,6000,4020,3840,4860,3300,4440,4680,6960,4620,3960,4800,5580,6180,5640,2580,4560,2880,4680,2340,2700,3660,4620,4500,3420,4620,2400,5640,2220,4380,2520,3960,2160,3180,3900,3120,3300,2940,4080,3900,4020,3540,3240,2760,2220,3060,3720,4200,3360,2460,3120,3060,2820,2940,2100,3480,3120,2220,3000,3180,2220,3300,2820,2340
2400,2460,3900,1920,1860,2700,2520,2340,2220,2220,5100,3120,2280,2460,3600,3000,2640,4080,2940,3000,1920,5040,1980,3180,4440,3000,4140,4140,2520,3540,2040,3900,1740,1920,2820,4140,3120,2220,4380,4260,1440,3960,2820,2100,2100,2520,2820,2400,2640,2580,2580,2520,2820,4140,1860,2760,1320,2220,2040,3420,1860,1380,2040,1740,1440,3180,1740,2280,1320
1500,6300,3000,6000,1200,3000,5400,3300,4800,5100,2700,3600,4800,1500,900,600,5400,2400,600,1200,3300,2400,6900,5400,2100,10500,1800,1500,2400,8400,2100,4800,2700,4800,3900,3300,900,600,3300,5100,1200,3600,4800,900,2400,4500,3000,3600,4200,3600,300,3300,4500,2100,3300,1800,1500,3600,1500,3300,3950,1200,2100,4500,3300,900,5400,1200,600
2400,1920,5040,2280,2880,2760,3360,3600,2400,4440,2400,3480,2280,2760,2400,6960,3360,3720,2040,2160,1080,4440,2640,2880,2400,2640,3000,3000,4680,6000,2760,1240,4200,1800,2520,2280,2400,2040,1440,4680,2520,2160,960,3360,1800,1680,840,5160,1560,3000,2760,1080,3120,3960,2040,2400,2160,1200,2160,1200,2280,1320,1320,1680,2040,2640,1680,3960,1200
6600,2100,5100,5700,4500,4200,6600,6600,2700,5400,13500,4500,6900,5700,2700,5400,4800,4800,7800,3300,5100,5700,3900,1500,3600,4200,4200,3300,5100,2700,2700,6000,3300,7200,8100,5100,3000,3000,3900,1500,4500,5400,6000,2700,3600,1500,3600,2400,5700,5100,1800,6000,2100,6000,4200,5400,2100,3600,3000,3900,4200,4200,7500,2400,3000,1200,5400,5100,3600
6000,3120,3720,3600,3960,3720,2520,2520,3720,4320,2520,4560,2400,3360,2760,5280,3120,3240,4080,1800,1680,4800,1800,4560,1560,5040,6360,3240,2160,4560,2280,2640,3840,3000,3240,2880,600,3600,1200,2280,3240,2880,3600,1080,1440,2040,2520,5280,840,2640,3240,2760,4200,2280,2520,1920,1320,2880,2160,2520,2880,3600,2640,1920,4320,2520,3120,3000,4080
3600,1500,900,4500,2100,2700,6300,7800,2400,3000,6000,3600,1500,1500,1500,900,3600,5100,6600,2700,11400,6000,1800,6900,3900,2400,3900,5100,6000,3000,2400,5400,6600,2100,3600,3000,3900,1800,6300,900,3900,3000,2700,6600,8700,1800,4800,3600,3900,3900,4800,7500,2100,2700,2700,3000,1800,4500,4200,2400,4800,3900,4800,900,1800,3050,2700,1500,2700
5700,7800,3600,5400,2700,3600,5100,4500,3300,3600,5400,3600,4200,10800,3600,3900,7500,6300,5100,5400,6000,7500,6900,2400,5700,3300,5700,3300,6600,5700,5700,6300,5100,3300,1800,5400,2700,3000,2100,3300,4800,2700,6600,3000,3900,3000,5700,3600,9300,6600,10500,2700,4500,6000,6300,6300,6900,1500,7500,3900,3900,6300,6900,4500,2100,6300,3600,1200,7800
5040,6120,6480,3480,4680,4200,5760,7080,3120,5040,5760,1320,7080,5400,5760,2400,4560,7440,6240,3360,5400,7920,5520,5400,4560,2400,6840,3960,7800,7440,5400,5280,8640,6480,3840,8400,4560,5400,8040,3000,7320,4560,8880,3960,7920,6720,9480,5040,11640,4680,10800,5040,5280,8760,5760,9240,6600,8400,6840,5520,7800,5280,10560,6240,9000,5280,5640,9960,8520
2660,3380,3240,1440,1080,1800,5640,4560,1440,2520,4080,2400,2880,1680,4200,2040,2160,1800,5400,3840,3000,3600,4560,720,2880,1440,2640,2400,2640,3000,4320,2880,1800,1200,3360,3840,3240,1740,8160,1560,2160,2280,5400,360,4560,3480,7200,2520,3000,2040,2880,2160,3720,2760,3600,3960,4320,2640,2880,3960,6960,2880,4920,2400,6840,3720,3720,2880,2880
7920,3240,6720,5280,7800,4800,3600,4920,5040,5280,4560,5520,5880,4800,4680,5100,7820,3720,4200,4560,5880,3360,3000,6000,3260,4920,4680,2760,6840,4440,5280,2160,3360,5160,4800,3960,1560,1440,4680,2040,1200,2040,5640,3160,3000,1680,3000,2880,3960,2520,3000,2160,2160,3480,3600,5040,2880,2760,3360,2280,2280,3480,2520,1440,3000,3960,2280,2040,1800
6600,2700,6300,5100,3900,4800,2400,4200,2100,6600,3600,2700,8400,9300,7800,2400,6300,5400,5100,3600,12600,3900,5400,600,5400,4500,6600,7200,4500,6300,8100,4500,3600,4800,3600,9000,7500,5700,4800,6300,4200,3000,4800,5400,1800,4800,2100,2700,3000,4500,2700,4200,5700,1700,2100,2100,2700,2700,4500,2700,1800,2400,2100,3300,3600,1200,900,900,2100
12300,6000,13200,9600,8700,9000,5700,11100,11700,5700,8700,11100,13800,9900,7200,9300,7200,8700,7800,9000,1200,4800,9000,6900,11100,12600,7800,11700,7800,11100,6000,2400,9000,11400,4500,13500,7800,4800,11100,9900,5100,5100,1800,5100,9900,900,14400,5400,10500,9300,6600,4800,6000,4500,8700,9600,5400,8700,4200,5100,1500,5100,5400,3600,3000,3900,1800,3000,4800
2160,1320,5760,2520,4560,2640,2520,3480,2760,4560,4440,2400,4440,2400,1920,3000,7200,5280,1200,3740,1560,2760,2760,3720,4200,1680,2280,3360,3480,1920,4200,1200,2400,4080,3360,3600,960,4320,1440,4200,3000,2040,3840,3480,3360,1800,2520,2760,2400,2400,3120,1800,3840,1560,1920,2040,3960,2760,2640,5040,3000,3960,4320,2760,3120,4800,1680,2400,3480
3300,1300,4800,3200,3050,6450,10450,3200,3600,2200,3950,3800,2000,3250,3250,3700,2350,3350,5050,4200,5050,5000,5900,4900,1450,3200,4250,4800,3950,5300,4100,3250,5450,6550,5600,3550,3900,3350,3450,5150,3650,4400,4250,3100,7100,3500,4700,3750,3850,6800,7100,5850,3000,4300,5950,7150,2900,4200,6350,5550,4250,1550,6450,2150,3650,4350,6600,3600,4600
5050,4650,5650,3800,4100,3950,3000,2450,3750,4600,3250,4650,4500,5150,3700,3850,3350,3550,5250,4550,2200,6900,3450,4650,5750,5150,5950,4250,2950,2000,3400,4150,5400,7050,3150,5150,5150,3700,3500,3200,3550,3250,5850,2350,5700,4850,3500,3500,3400,2750,3850,2950,4100,1900,2250,2450,3750,2400,3350,3050,3700,3250,3700,2350,2400,2400,3150,2500,3100
7550,6400,7700,4700,6950,6000,4150,5350,5050,6950,5500,7100,7250,6150,4900,5700,4950,6450,6350,4150,3850,5500,4500,6500,6450,6500,6700,6450,5800,2550,4700,3200,6200,6650,2700,6000,7350,4250,3700,5500,4400,5350,5100,3600,4850,5750,5550,5950,3500,3600,5450,3900,5050,2400,2350,3500,4600,3600,3200,4750,5000,1900,5050,2950,3350,2600,3350,3400,3150
5100,5750,6950,3700,6050,5200,5050,4400,3250,3950,4150,6550,6550,7000,5350,5150,4400,3500,3300,3800,4050,5900,3650,5600,6650,4750,4100,5700,4900,3500,3350,3250,4900,5550,4000,5100,5300,3450,3850,4550,4650,4900,3800,3050,4250,5500,3550,3800,4350,2600,4750,3100,3100,2550,3100,2900,4450,2300,2900,3100,3600,2450,3600,2750,2250,1900,4050,1650,1350
9290,6160,8320,8310,6750,8710,6300,5710,5740,6710,7310,7240,8650,8330,7810,8260,6680,5580,6340,4490,5000,7030,6100,9740,7940,7740,7820,7820,5380,7070,6970,4080,4930,4820,6220,6360,7630,5130,6960,5350,6290,4630,5130,3620,3980,3120,4310,4250,5730,3630,5680,3440,3610,3390,2880,3540,3820,3940,4660,3480,4340,3700,4630,3230,4180,3920,4360,2910,2910
5000,4200,5600,4950,5400,4150,3150,5550,5750,5900,2400,2850,3200,5200,5850,4100,2350,4200,3250,2550,3300,6600,6100,7700,6300,3450,5400,4100,3600,4150,8000,5800,5100,4500,4350,5400,6350,4050,3950,3900,4750,3000,2000,8600,2500,3800,4950,6950,3050,3600,3300,7450,4950,3250,3700,4850,5300,6450,5800,5300,8150,2950,5250,4700,5900,9750,6550,5300,1800
4190,6185,6820,5950,5885,6020,4470,5885,4885,7200,5460,5925,7170,8030,5905,6940,7045,5000,5875,5625,5165,7015,5990,7905,7980,6460,9300,7145,5355,5765,6305,4985,5055,6145,6615,6935,6550,6560,7260,6030,5130,5580,4760,4295,4940,4505,4545,6065,6010,4665,6280,5110,4790,4245,3940,3580,4500,3815,4970,4795,5030,4035,4480,3945,4255,4190,3110,4240,2970
7500,7150,6500,1800,6300,5900,4850,7600,4850,7000,7500,6750,6300,6700,5750,5250,5200,7850,4900,5350,3600,6300,5300,11300,8800,5500,5750,5800,4200,5400,7750,4200,3450,3600,5150,4650,5400,6550,2250,3000,5350,2750,2100,4850,5250,3250,2850,2800,4300,4900,4150,5300,2500,3750,4100,3200,3750,4750,5150,3450,3800,5050,5350,4500,3900,5300,2300,3700,3100
5125,3990,4545,3330,3805,3475,3700,3940,3090,4200,4120,4525,4705,4920,5940,4305,4295,3290,3415,3045,3390,3715,3100,4715,5110,3825,5105,3985,3265,3620,3425,3220,3310,3600,3730,3895,4040,3900,3945,2845,2915,2940,3085,2640,3435,2815,3035,3570,2935,3115,3540,2930,3030,2570,2385,3070,2915,3085,2705,2980,3200,3300,2930,2685,2900,3165,1565,3155,2170
8000,6350,4100,3650,6400,5250,3550,3950,5900,4850,4750,4300,4300,5500,5600,4650,5850,4900,5050,3200,3700,4450,5100,8900,5300,4650,6400,4150,3600,4500,3850,3250,3250,2750,3000,3850,5050,2950,3450,2800,3350,2900,2850,4900,2550,2350,3050,1800,4750,2600,4200,2300,3200,4750,1850,2250,2800,4000,4350,2950,3550,3350,4400,4550,1650,5800,2400,5600,3550
6370,4140,5030,2910,5110,4000,3640,3820,3490,5020,4780,4410,4350,5110,3170,3870,4270,3740,3870,3870,4040,5140,3410,4510,4400,4470,5590,4050,3750,4020,4310,4440,3090,4560,3820,5020,5630,3340,5360,3840,3780,3800,3360,3220,3050,3420,3450,4400,4870,2720,4290,3010,3540,3500,3630,3350,3430,3120,4300,3670,3640,3320,3440,2750,3730,3950,2830,3250,3040
4400,7550,4700,2100,2750,4500,2400,3400,2600,4500,2400,4150,3400,3550,3600,5000,3750,4100,4850,3100,4650,3100,4850,5100,4500,3750,4900,3950,4300,3650,4050,2600,2100,4100,4450,2300,4800,2550,3400,2200,2200,6450,2400,3400,2050,1300,3650,1550,3550,2350,5800,4850,2600,1950,3100,3250,3250,1800,4250,4550,5800,2550,2600,3300,1650,7050,2500,4050,2000
3150,2350,4250,4700,3750,2900,2850,2350,2300,3150,3450,2050,2850,3400,2500,4000,4350,4100,4200,2600,3050,4900,2350,5900,6300,3450,5850,3300,3300,4150,2600,3250,3000,5100,3150,3450,4150,3950,4300,3050,5850,2850,2450,2550,2700,4000,4550,3500,3700,3200,4000,2950,2950,1950,2800,2450,1750,3100,5400,2000,1800,2000,3350,2200,2500,2950,1850,2800,2950
5000,4900,8800,6800,6700,5100,6200,3000,3800,3700,3900,4300,5300,7700,5300,7800,8600,7500,6300,6700,4000,6700,4800,7800,10100,3400,10400,2800,5300,5000,4400,3500,7900,5500,4900,4700,2900,6400,4200,5100,6600,3600,5300,3800,4400,7800,4400,4900,3400,4900,3200,2400,4100,4400,4900,3200,2100,5600,3600,1900,4500,3600,5700,3600,6800,4000,3200,2900,3500
4900,2900,1750,3800,2850,4150,3400,2200,1700,3500,1550,2700,4400,5550,2550,7100,3200,3600,4700,4450,3450,4900,3550,3400,3050,3950,3000,3400,1600,3600,2800,3550,2200,2000,2600,3950,2250,1250,2250,3150,1950,6200,4450,2400,1700,2650,3800,3750,2300,2650,2900,2350,1300,3100,3300,3400,2250,4750,3550,3300,1850,1600,2700,2850,2700,4050,1900,1800,2200
6900,2950,3850,4850,3250,8300,5000,5550,3250,7700,5000,3400,5100,4700,4800,6250,5650,5000,10200,8950,8150,8350,6950,7250,8700,8600,6500,4100,6650,3800,7650,6250,6750,6250,4350,3400,4850,2500,4500,5550,2450,4250,6250,5000,3550,2350,7000,3450,5900,4700,6500,4500,4750,3550,2500,3250,3850,2600,4000,1100,3250,2650,3350,850,3100,3150,3350,2750,2500
12050,4500,5480,8650,6430,5390,10520,7010,3850,7530,5320,5350,7180,5380,8260,8250,6060,6950,5530,6910,4420,4240,7190,7210,5900,4300,3320,3940,6160,6630,6210,7040,5020,7120,7270,5050,7680,2910,4670,5600,4590,4770,4170,1630,4610,3130,3990,5750,5590,3030,6170,3260,7260,2970,5610,5190,2890,4280,4650,4400,5940,7000,4880,4830,5670,6690,6930,3020,6660
2800,1600,4400,2800,1600,1240,2680,2180,1200,2820,3200,1200,2480,1200,1620,2100,4020,2400,3200,2800,3620,1700,840,2860,3360,2100,3000,4640,2500,1380,6040,1600,4000,860,4040,3280,4280,1520,2080,4720,1240,7600,1520,800,2440,1300,800,800,2800,5220,2800,1800,1200,2100,2020,820,2400,400,8640,2200,2800,1200,2680,980,2000,940,1240,2800,880
3120,3360,3540,2700,2580,3480,3240,4440,3000,3720,1620,3360,3180,2100,3000,2520,2160,1980,4020,3480,2750,2640,3420,2640,2520,2040,2820,1860,3780,2520,2580,2880,2100,3060,2100,3720,2940,2820,4980,2400,2940,2640,2340,1680,4140,2640,3600,3240,3120,2460,2940,3000,3120,2940,3300,2760,3600,2340,8700,2220,3300,3360,3120,1860,2220,4260,2460,3540,2100
3670,2940,4500,2890,3660,3030,2400,3490,3000,4500,3000,3180,5460,5280,2940,3040,1710,2100,3120,4080,3540,2720,3840,2400,4420,3090,4050,2000,4030,2450,3080,2550,4330,2830,3750,2970,4020,3080,5110,2880,2430,4020,2850,3190,4140,3400,3510,3790,3710,3660,4540,4030,5360,4210,4450,2940,4270,3970,3720,2950,5340,4260,3790,1620,4020,4920,2720,4300,4260
3950,3860,4750,4890,4130,3120,2950,6510,2710,5470,3990,2580,3200,2580,3540,3270,3070,1880,3450,5710,4750,2670,2900,2450,3310,2840,5050,3530,3070,2070,3690,4640,2450,3180,3920,3500,3640,3030,2550,4370,2410,3490,4010,3020,3940,2610,3370,3760,2610,5080,3750,3910,3140,4380,4280,3770,3620,1960,4610,3600,3300,3340,3180,2510,3430,3920,3210,2890,3630
6530,6880,7850,4540,5560,4690,7160,6000,6280,6660,7600,4330,7780,6070,7350,6940,7320,5480,7640,7310,8560,8360,7230,5270,6210,7280,6560,6040,7370,6800,7100,5670,7420,4150,6800,5490,6240,6230,7750,7090,5560,6230,5460,4460,7840,5110,6420,6630,6180,8030,6190,7110,5870,8270,4970,4320,6770,5530,7170,4720,6860,8370,6930,5070,6150,7220,4990,8370,4750
4500,4200,10200,3650,7800,5400,8700,11400,5100,9600,5400,6300,9600,11100,9600,7500,3600,3900,10500,8400,4550,8500,3900,1850,7500,5700,5400,3400,6600,2700,5700,5100,4200,1850,7550,4200,3900,3000,4800,5700,3900,5100,7200,1800,5700,3700,6600,4500,7000,8200,5750,4500,5100,9600,2400,4500,10200,2400,9300,4500,5400,3600,5250,3600,7500,6950,6900,7200,6600
9200,10600,10500,10000,7900,5900,4950,11450,7650,8350,4850,7000,8850,8250,6850,5500,6000,4650,6350,13850,6150,6750,8250,7550,9000,5350,5000,5950,6450,9550,6650,4250,9250,6850,6650,8300,6300,5950,6500,6150,5950,4100,4550,7850,2800,5150,5750,3850,5900,5750,5250,4200,3450,5750,10100,5000,8050,8150,10650,4200,5900,6150,6000,1600,13350,7600,6150,4150,2600
4200,5800,7850,6000,4850,5100,7450,4900,4850,3450,4150,3600,11100,2650,4800,4300,1950,3500,5450,5450,4850,4800,3150,6550,6550,6900,5850,5300,5850,4700,3650,2750,10200,4800,6650,4400,2250,3900,5450,3450,3700,2400,4700,3850,6200,2350,4900,4150,2750,5550,3450,1800,3700,3900,1750,3550,3800,3700,3650,2050,5150,4050,2450,3300,2800,3500,3100,8350,1650
4200,5100,4200,5500,4500,4200,4500,2100,1800,6300,6600,3300,8100,3600,1800,5500,6700,3600,2400,2100,3600,3100,2400,3450,2100,4500,1800,4200,2700,8750,3000,2100,3600,2700,2700,6300,3900,4800,4800,4200,2400,3600,5100,2400,7800,4200,4200,3600,2100,3300,4200,4500,2400,5700,5100,3000,4200,3300,5600,4800,4500,2400,4800,1800,5100,5100,3600,4200,3900
8300,8155,8405,7145,6945,6725,7270,6825,4150,7145,8080,5500,8660,7080,5560,8345,5890,5175,6650,5915,5905,7060,5905,6735,7235,6375,6315,5910,6330,6070,7675,6280,6130,7120,6380,7465,6600,6190,9185,8065,6285,7640,5565,5710,6785,7220,6205,7410,8925,7380,8150,5825,5875,7935,6720,7480,7150,6960,6180,7850,7000,7250,5780,5400,7045,7420,6730,8050,5410
9000,6600,8100,7000,7700,5100,4900,5600,7100,10300,8600,4300,8800,6800,5700,6500,9900,5600,7100,5800,5300,10200,7500,5300,7400,5300,7300,6300,8100,4900,7500,5700,7000,11000,7400,8900,9300,7900,9400,10200,10100,8700,7500,7300,10700,10600,11100,8000,9000,7300,10400,9200,11800,10400,8000,10900,10800,9600,7700,10900,8700,7900,11200,7500,8700,6600,6900,8500,8700
9900,2400,9900,7550,5400,7200,4800,6300,2700,4000,3250,4900,13200,8750,8100,4400,4500,7500,5700,6800,1900,3900,3900,2300,8900,4800,3350,4050,3900,4750,3250,3200,7200,8250,4850,3050,6900,3450,12250,4250,5950,4600,4800,7100,5700,4750,3550,5750,7550,7300,4400,3250,6400,7200,3500,4800,1800,1800,3600,5100,5300,4500,1300,4550,1500,1650,3300,2800,1800
4320,2040,5400,3020,1640,2400,4200,4680,3240,2320,2560,2400,4800,3240,1700,2200,2400,3360,2620,4960,1300,1440,2040,1860,3400,2760,2700,1360,2520,2840,2060,2620,3460,2860,2180,1840,3000,1940,5080,1920,3920,2920,3780,2380,2280,3000,3060,3020,4080,3040,2120,2680,1920,2440,2180,3400,1560,2780,2760,2180,2320,2880,2180,3000,1440,1940,1500,1260,1440
5400,1440,6120,3360,2600,2900,3480,3600,3360,3240,2040,2400,5760,3180,3400,2160,2520,3000,2160,5440,2040,2640,2480,2400,3280,2160,2660,2200,1740,2800,1440,2980,3640,4300,2980,1880,3600,3180,3700,1700,3240,3520,2860,3700,4400,3400,3840,3860,2160,3300,1680,2900,3580,2460,3200,3960,1920,1980,2680,3220,2520,3120,3600,2540,2400,1640,2140,1940,2640
4320,1200,3960,3480,3340,2360,2520,3240,3000,2280,1920,2400,5320,1220,2180,3420,2160,2400,3240,2720,1660,2400,1020,2180,2200,3120,1840,1440,2720,2200,2060,2320,1980,2600,3600,1120,2640,2020,2680,1740,2920,2900,2440,3420,2540,2460,2580,2200,2680,3400,1240,2060,3060,2080,2240,2080,1800,1440,2440,2140,2280,2040,2300,2960,740,1140,1680,1340,1800
6900,3000,5700,7500,3800,7050,5700,3900,6900,3050,2450,6350,8450,3800,4200,3200,3300,3300,4800,7200,2350,2400,3100,3700,5550,3600,4300,3700,4950,5450,5700,4050,3700,3000,3500,1400,5100,1950,6050,2600,5000,4650,3950,6750,5600,4250,3150,4450,5500,3100,4000,4200,3450,3000,2300,2800,4000,3600,6100,4100,5400,4500,4900,2700,2750,3100,2650,1500,3000
560,720,610,790,1330,1060,1270,1610,1300,2350,1920,1330,2740,7270,6630,5930,2520,1670,980,1500,2170,2680,1750,1480,3360,1460,3980,2790,1850,1880,3150,2240,1320,1450,1620,2530,1880,1430,2920,2250,1420,2540,1680,2580,1550,1230,2390,1690,2100,2130,1060,2330,1910,2560,1450,1930,1820,2190,1900,1300,2020,1880,2170,1880,2270,1590,1890,1890,1660
4800,4600,3400,4200,4150,5450,4350,4550,2250,5550,3050,6000,3400,8400,3600,5050,3900,3850,3550,5450,3950,5600,3400,4300,6200,4150,3500,2700,4100,4050,2700,4250,4700,8500,3500,3550,2850,3000,3450,2250,2750,5150,5400,3250,4050,3650,1700,2350,2800,2800,2050,3200,3200,850,3500,3800,4250,1700,1150,2600,800,850,3450,2300,800,3500,1600,2600,1900